K00012.01,5812701,13.16,17.855221681,1.3860,146.5964660,7.41287,1.3670,11.353
K00112.01,10984090,2.75,51.079264510,0.9740,185.1808700,6.37290,1.0220,12.772
K00212.01,6300348,6.61,5.695902020,1.0130,139.2316370,3.56610,0.9400,14.858
K00312.01,7050989,2.06,11.578909260,1.1930,175.5860300,2.72070,1.3030,12.459
K00412.01,5683743,7.31,4.147021189,0.9770,170.3258350,2.89970,1.2050,14.288
K00512.01,6838050,2.78,6.510030010,1.0290,172.9158800,3.30950,1.1530,14.825
K00612.01,6587002,2.11,20.739894060,0.8050,173.2191200,3.15050,0.7700,14.157
K00812.01,4139816,2.03,3.340218842,0.5020,171.9790620,1.91040,0.4930,15.954
K00912.01,8505670,2.34,10.848451800,0.6090,171.8058400,2.99930,0.5910,15.058
K01112.01,3109930,2.33,37.810264900,0.9760,158.3579900,8.73300,0.9730,14.633
K01212.01,3749134,1.85,11.301230360,1.0050,134.9185500,4.02200,1.1220,14.981
K01312.01,10963242,2.04,6.146995600,1.1850,135.0738500,3.31530,1.2960,14.706
K01412.01,8950853,3.04,37.814525200,1.1960,134.6642400,9.10900,1.3140,13.601
K01612.01,10963065,0.69,2.465024332,1.0160,132.6812200,1.26200,1.1940,8.769
K02012.01,9839821,2.40,34.853690300,0.9370,164.0466800,5.33300,0.8480,14.876
K02212.01,10203349,3.64,17.146487560,0.9740,140.6612200,4.23540,1.4120,14.941
K02512.01,9574158,3.14,15.921081380,0.9170,147.0537000,1.54430,0.8200,15.523
K02612.01,9602613,0.51,4.612250430,0.9320,133.8613400,2.69500,0.9610,11.830
K02712.01,11098013,1.77,7.507900410,1.3290,138.7047000,5.64600,1.3370,11.125
K02812.01,2442448,2.61,76.613944600,0.9880,153.7930100,10.22000,1.0300,14.357
K03112.01,7022573,1.41,2.118893997,0.8920,132.8042000,0.82200,0.7960,15.855
K03312.01,11905409,1.91,18.093900400,0.9580,139.0170600,3.29400,0.8670,15.739
K03412.01,5780930,3.65,16.752507700,0.9550,131.5983400,3.17400,1.8020,14.534
K04212.01,1724719,1.69,5.791799340,1.1090,133.3581400,3.47400,1.3180,13.960
K04312.01,10722485,0.81,7.849318770,0.8280,134.8747000,3.74700,0.9900,13.858
K04912.01,5208962,1.35,0.876850385,1.3200,131.7703300,1.53400,1.7560,14.878
K05512.01,8396288,3.02,8.585287200,0.9130,137.3966200,2.83400,0.8180,16.565
K07112.01,8953281,1.14,0.784300610,0.6570,132.2316400,2.95200,0.6810,15.156
K07712.01,4996057,1.06,4.830236400,0.8770,134.9522000,7.98300,2.2470,11.994
K08012.01,10452252,0.42,34.573718512,0.2020,136.2275493,2.17420,0.2180,15.708
K00013.01,9941662,21.42,1.763587535,2.4660,120.5659254,3.16877,3.0310,9.958
K00313.01,7419318,2.10,18.735771270,0.8140,177.6343720,3.03560,0.7950,12.990
K00413.01,5791986,3.00,15.228955140,0.8780,176.5600100,2.59670,0.8120,14.769
K00513.01,6937692,4.17,35.181057230,1.2790,170.0996900,7.54500,1.2150,14.856
K00813.01,4275191,7.34,3.895936525,0.8660,170.5275520,2.31110,0.7740,15.725
K00913.01,8544996,10.55,4.082274889,0.8860,169.6375652,3.23015,0.7940,15.198
K01113.01,2854914,2.48,25.934064060,1.0590,149.7627300,4.61420,1.2250,13.703
K01413.01,9006449,1.55,12.645042910,0.8000,138.6314900,9.11700,0.8860,14.447
K01613.01,6268648,1.31,15.866247870,0.9740,141.0873400,4.25000,1.3080,11.049
K01713.01,8230616,1.34,6.827781570,0.5870,131.7883900,2.37260,0.5740,15.224
K01813.01,9455325,2.54,9.767859110,0.8640,139.4396800,2.16490,0.8520,13.766
K01913.01,9704384,1.49,5.508606990,0.8770,132.2983000,3.07880,0.8830,13.317
K02013.01,4056616,0.97,2.414348680,0.7150,132.4287800,1.27010,0.7240,13.156
K02113.01,7207061,2.62,15.942484530,0.8970,146.3315700,3.48940,0.8060,15.886
K02213.01,7457296,1.60,3.970766030,0.7320,134.6396200,1.81400,0.7780,15.443
K02313.01,10132832,2.14,16.076731480,1.0830,143.3909100,2.20500,0.9710,15.306
K02413.01,3234598,1.49,12.904675230,0.7120,144.3200900,3.28000,0.7220,15.070
K02513.01,9653622,28.47,19.005409800,1.0320,144.1557400,1.84300,1.0360,14.839
K02613.01,9712350,2.41,51.573865300,0.9240,158.0674400,2.78400,0.8130,15.960
K02813.01,11197853,14.81,0.698461304,2.1700,131.8513800,0.78870,12.5580,13.586
K02913.01,9693006,0.84,2.888785830,1.1390,132.3365100,2.97700,1.3310,12.858
K03013.01,11565544,19.39,3.765620310,0.9490,131.7556200,1.28800,0.8530,14.698
K03113.01,7676423,1.03,2.460500950,0.6200,133.6160500,1.86100,0.6340,15.245
K03313.01,9571186,21.74,34.952425600,0.8640,163.5204800,1.71700,0.7790,14.767
K03813.01,5386904,6.90,4.859144100,1.2260,132.6666000,3.85880,1.2070,14.113
K03913.01,10281221,5.87,0.582895412,1.0680,131.6210830,1.05280,1.0090,14.972
K04513.01,9216775,0.94,3.917946760,0.9740,132.8638400,2.54900,0.8700,14.750
K04613.01,10220837,0.81,1.962282625,0.9150,131.5358500,1.45000,0.9790,13.885
K04713.01,5253802,1.36,8.796316600,1.0000,134.3262000,4.69600,1.0000,13.641
K04813.01,4840672,0.82,9.229472600,0.6180,136.1730000,2.44600,0.5960,13.780
K04913.01,5769810,2.44,6.787881130,1.6770,136.3345000,2.26000,2.8290,13.360
K00041.01,6521045,2.26,12.815904210,1.0500,122.9468200,6.38560,1.4740,11.197
K00141.01,12105051,5.11,2.624234833,0.9630,132.3049880,1.38740,0.8990,13.687
K00241.01,11288051,2.20,13.821420840,0.7150,131.7923700,3.98500,0.6510,14.139
K00341.01,10878263,2.73,7.170710381,0.8840,176.6668440,2.92250,0.9410,13.338
K00541.01,11656721,2.06,13.646174780,0.9280,180.3499100,3.40980,0.8290,14.748
K00641.01,5131180,2.73,14.851855260,0.6710,177.9987000,3.52630,0.6520,13.583
K00841.01,5792202,5.00,15.335286750,0.9260,174.0027800,3.89700,0.8170,15.855
K00941.01,9480189,4.56,6.581477136,0.8680,174.7878140,3.08960,0.9730,15.471
K01141.01,8346392,1.38,5.728126160,0.5670,135.1806600,2.02950,0.5480,15.950
K01241.01,6448890,11.64,21.405442200,1.3810,147.0898100,11.72100,4.3610,12.440
K01341.01,4650674,1.84,4.514360960,1.0910,134.0293000,3.00830,1.2150,14.946
K01441.01,11356260,1.90,8.506980690,0.9510,134.6442100,2.93800,0.9860,15.135
K01541.01,4840513,25.74,2.379282197,1.2320,133.6513650,3.17290,1.1620,15.189
K01641.01,10879038,1.72,4.853840400,1.0380,135.0990200,3.19800,0.9680,14.971
K01841.01,11760231,2.12,49.607577100,0.8580,138.4151700,2.95750,0.7740,13.218
K02241.01,5125347,2.31,7.165204280,1.1620,132.9692100,1.70500,1.1030,15.302
K02541.01,12306058,3.36,7.416830330,1.1360,137.9638900,7.27400,3.3240,13.007
K02641.01,8894646,0.84,3.555579220,0.9260,132.7520300,3.24000,1.0820,13.845
K02841.01,8758204,2.73,159.388788000,0.8120,226.9313000,8.43200,0.8740,15.822
K03041.01,4072955,1.15,5.082880760,1.0110,134.0055700,2.51500,1.0830,14.207
K03141.01,5440317,1.24,2.319415710,1.0230,131.9392500,1.59100,1.2480,14.869
K03341.01,5621333,2.13,27.096514600,1.0380,139.3521000,8.42000,1.3520,14.886
K03541.01,8868364,54.16,421.428481940,1.1520,262.2889053,8.60447,1.7080,13.769
K04241.01,9285568,1.25,2.553150310,0.9960,132.4484900,1.84900,0.9080,15.424
K04341.01,6792908,1.25,10.778313000,1.0540,136.6142000,5.25600,1.2580,13.264
K04441.01,8416523,1.72,0.341842017,0.8170,131.6603360,1.15540,0.7470,14.915
K04541.01,5511659,2.08,8.529122300,0.9370,135.7404300,3.24100,1.1110,15.377
K05341.01,7009548,2.26,15.185755820,1.0500,144.6398500,0.63300,1.3390,12.493
K05441.01,7900450,1.25,25.480521100,1.0520,145.4404000,10.70100,0.9860,13.181
K06641.01,5966732,1.16,1.400903699,1.0330,131.8456200,0.88300,0.9750,15.514
K06941.01,7967100,45.99,1.927300010,1.0090,132.3606700,18.81200,1.1100,13.943
K07041.01,8443812,0.79,8.361373200,0.7100,139.2515000,3.64900,0.7770,15.122
K07641.01,2984990,1.36,3.794372770,0.8770,132.1265000,2.28900,1.5070,14.816
K08241.01,12647757,7.67,490.639410000,1.5130,561.5837000,16.50000,4.8170,13.227
K00042.01,8866102,2.43,17.833678340,1.2080,181.2339430,4.51120,1.3370,9.364
K00242.01,3642741,5.53,7.258450123,1.0060,138.3446910,5.72970,0.9200,14.747
K00442.01,3745690,2.17,13.540574610,0.9180,171.6776200,4.46730,1.0140,14.002
K00542.01,11669239,3.28,41.885443300,0.8750,178.6919000,6.76300,1.0280,14.350
K00842.01,5794379,2.31,12.718098660,0.6700,175.3552600,3.09570,0.6860,15.389
K00942.01,9512687,2.90,11.515171670,0.9100,174.8585500,2.00600,0.7980,15.386
K01142.01,8288947,1.58,3.755742670,0.8840,133.4333000,2.29110,0.7880,15.764
K01242.01,6607447,8.48,99.644278300,1.0490,283.2362890,5.17720,1.0160,13.750
K01342.01,4275721,1.29,3.773598710,0.8680,134.0701300,2.72820,0.9690,14.207
K01442.01,11600889,1.13,0.669310092,0.9770,134.1313880,1.62740,1.0030,12.521
K01842.01,7779077,3.08,16.841833550,0.9410,137.9944300,2.61940,1.0090,14.306
K01942.01,2832589,2.67,10.849694770,0.8690,136.7443200,3.47400,0.7780,15.409
K02042.01,9111849,17.80,63.073224100,2.3820,191.2532000,5.39700,6.3540,13.089
K02242.01,9336200,1.94,1.755843555,0.9280,133.1550900,1.94250,0.8290,15.758
K02342.01,10212441,1.51,15.044709800,0.8990,133.2089500,5.82300,1.5250,13.037
K02442.01,11080405,1.95,25.193398900,0.7970,146.4301000,4.62000,0.8400,15.629
K02542.01,6183511,0.67,0.727331746,0.3850,132.3700700,0.83230,0.3560,15.527
K02742.01,5980208,0.91,0.789160884,0.6100,131.5054500,0.92680,0.6220,15.031
K02842.01,8733898,1.73,1.565412613,0.3280,132.9128100,0.75720,0.3280,16.257
K02942.01,4385148,1.98,13.843012280,0.9280,139.9533400,4.07700,0.8370,15.480
K03042.01,8695311,1.91,31.025948900,1.0480,158.5632000,5.69200,0.9690,15.959
K03142.01,3752110,2.21,27.943024500,1.3130,136.8697000,6.12500,1.2500,15.243
K04242.01,9514372,1.82,145.786556000,0.9050,215.0441000,4.89100,0.9500,14.410
K04442.01,11124436,2.53,13.948219700,1.2910,132.7505000,7.68600,2.3460,14.305
K04742.01,4138008,1.30,112.303136000,0.6130,230.4383000,5.86900,0.5950,14.976
K05842.01,10933306,1.85,57.774937300,1.1480,154.2915000,4.73100,1.0970,14.753
K06342.01,3547178,0.83,8.177075100,1.0170,136.8217000,4.60800,1.2090,12.419
K07842.01,7601665,0.70,3.111415140,1.1690,132.4992000,3.07400,1.2730,13.396
K08242.01,3629119,1.36,331.554590000,0.8920,237.2754000,5.35000,0.8010,14.066
K00046.01,10905239,5.64,3.487688776,1.0740,170.9322170,3.83661,1.5930,13.770
K00246.01,11295426,2.21,5.398752862,0.9970,173.8586660,3.43030,1.1980,9.997
K00346.01,11100383,2.62,12.924898030,0.8250,170.7867900,2.68110,0.7680,13.524
K00446.01,4633570,2.27,16.709206280,0.6560,174.7541700,2.70520,0.6680,14.427
K00546.01,12058931,3.28,20.684207720,1.1800,170.1903400,6.44150,1.0920,14.896
K00746.01,10526549,2.47,9.273581730,0.6760,173.2581550,3.28750,0.6960,15.302
K00846.01,6061119,13.84,27.807566216,0.8650,186.7135520,4.21587,0.7850,15.482
K01146.01,8351704,0.74,7.097121240,0.4000,136.3451400,2.10590,0.3890,15.649
K01246.01,6441738,5.74,19.037234420,1.0170,148.5505700,3.38820,2.8920,14.898
K01546.01,5475431,11.92,0.917568975,1.0100,133.9324190,2.06540,0.8930,14.456
K01646.01,11046025,0.99,3.720207080,0.7600,133.4168400,1.89200,0.7970,14.293
K01746.01,8197343,2.41,11.791612340,0.9620,134.5406400,3.03600,1.1990,14.941
K01846.01,9886255,3.79,105.956681500,0.8910,182.0512700,6.99880,0.8000,15.795
K01946.01,10844890,2.76,8.294828110,0.9670,133.5020100,2.74370,0.9390,14.469
K02046.01,10663396,3.26,23.899007500,1.1150,151.3984700,15.95500,1.9300,13.153
K02146.01,6774537,1.48,2.949029106,0.7710,133.1383200,2.03110,0.8070,15.333
K02246.01,9458343,1.33,11.895204360,0.9230,132.8908000,3.43300,0.9920,14.152
K02346.01,8561231,2.69,28.685321200,0.9300,159.8709400,6.30700,0.8380,15.658
K02946.01,9642292,1.93,15.140891600,0.9780,143.7458400,4.35900,0.8870,15.679
K03146.01,10908248,1.62,39.859505000,0.9840,154.7616000,7.98700,1.2920,14.131
K03246.01,9885417,0.78,0.689967868,0.8140,131.6349800,1.16880,0.7260,12.411
K03346.01,11241912,1.53,14.427350880,1.0000,138.8402400,4.85700,1.0400,13.359
K03946.01,8636434,3.28,308.544422000,1.2520,296.0738000,18.50300,1.3490,13.215
K04146.01,10000941,0.80,3.504723440,0.7980,133.7222500,1.94640,0.8540,13.632
K04346.01,9509343,1.21,6.392697780,0.8440,135.6101000,2.13800,0.9430,14.930
K04446.01,10329196,2.99,85.756791900,1.0830,162.7191400,5.69500,2.2130,12.429
K04546.01,5033823,72.36,0.741768294,1.5660,131.5774700,0.41640,3.1470,13.469
K06246.01,11856178,1.48,9.133150620,1.0410,139.9861000,2.15570,0.9640,11.767
K06546.01,5263167,1.03,3.394019630,1.0360,134.3716400,2.98400,1.0290,15.420
K06646.01,6019971,1.38,7.135663300,0.7630,135.0964600,1.78900,0.7930,15.125
K06746.01,6628926,7.27,2.564012541,1.0240,134.2733914,0.94330,1.4280,14.121
K07446.01,11455795,14.59,1.057335679,0.6680,131.7920070,1.57950,0.6830,15.414
K07746.01,5881307,2.27,393.956080000,1.0560,388.3294000,13.89000,0.9890,15.622
K07846.01,7671950,1.28,10.599460600,1.1610,134.8329000,9.48400,1.0690,15.284
K08046.01,11182706,50.93,384.377060000,1.5940,309.2080000,15.13900,12.0230,12.656
K08246.01,4446859,1.58,425.649710000,0.9340,284.3479000,11.07000,1.1950,13.855
K00049.01,9527334,2.74,8.313773040,1.0650,175.9913700,2.96400,0.9510,13.704
K00149.01,3835670,4.32,14.557308970,1.0480,145.0950120,7.76430,1.4120,13.397
K00249.01,9390653,1.57,9.549277089,0.3960,175.7571830,1.58320,0.3690,14.486
K00349.01,11394027,2.54,14.386825670,0.9440,170.4550490,2.14170,1.0720,13.586
K00649.01,5613330,2.71,23.449704940,1.3300,182.9229500,8.65670,1.5240,13.310
K00749.01,10601284,2.55,5.349553819,0.8310,171.8069400,3.02780,0.9100,15.416
K00849.01,6276477,2.47,10.355331160,0.8910,170.9372900,3.17750,0.9180,15.018
K00949.01,9766437,3.24,12.532482220,0.9910,170.7653500,4.01680,0.9040,15.485
K01649.01,11337141,1.75,4.043552450,0.5730,131.6299500,1.96500,0.5320,14.963
K01749.01,6786348,2.20,26.964501000,1.0210,145.3442600,3.79200,0.9050,15.789
K01849.01,9735426,2.94,8.088016630,0.8700,138.7351600,1.83340,0.8740,14.624
K02049.01,9649706,1.68,1.569066598,1.0540,133.0403200,2.78030,1.3950,13.930
K02149.01,10617017,1.87,13.151402230,1.2870,144.1623700,5.43900,1.6360,12.071
K02449.01,12208631,3.41,53.358044400,0.9150,138.3849800,6.81200,1.0360,15.114
K02649.01,6842682,1.20,7.561261520,0.9900,135.6368000,2.85100,0.8950,14.640
K02849.01,10064256,1.02,5.959586370,1.0120,135.0082200,2.89900,0.9000,14.520
K02949.01,6026737,1.04,10.174703700,1.0160,132.3605000,5.17900,1.3390,13.313
K03049.01,6263593,1.21,22.476595200,0.5920,136.8233600,3.43700,0.5670,15.037
K03349.01,8636333,2.24,82.175197000,1.0220,197.2018700,8.66400,0.9540,15.292
K03849.01,8949316,23.28,0.604358764,0.4390,131.6857700,1.04230,0.4270,16.182
K04149.01,10875007,1.71,9.546992160,1.2610,140.1581900,5.06300,1.2320,14.718
K04549.01,6523058,1.16,2.048158200,0.9550,132.1767900,1.89900,0.8600,15.980
K04649.01,4750669,1.20,3.384198920,0.8880,131.9355000,1.48500,0.7950,15.446
K04749.01,6520519,0.97,1.976500730,1.0150,132.9562400,1.78800,0.9230,15.608
K04849.01,2976017,0.62,3.199380750,0.7790,133.0111600,1.76100,0.7020,14.261
K05149.01,5283728,1.33,43.681309000,0.9230,168.9218000,12.37000,0.8290,15.649
K05249.01,6203955,1.25,19.453429600,1.0660,139.3373000,4.87300,1.0150,14.518
K05449.01,7941635,41.02,0.762724045,0.8540,131.6508020,1.98818,0.9760,14.500
K06849.01,7217088,1.88,12.544742430,1.0150,139.5830400,1.24000,1.1590,15.082
K07749.01,5888187,1.89,133.634820700,0.8340,236.3516300,1.58400,0.9180,13.623
K07849.01,7778664,0.84,5.026381500,0.8850,135.5595000,4.38400,0.9620,14.877
K07949.01,9604563,0.62,1.001916708,0.8210,132.4703300,1.25600,0.7340,14.985
K08249.01,4572728,1.96,309.191789000,1.0950,326.2209000,11.39200,1.7540,12.746
K00063.01,11554435,5.73,9.434141710,0.9430,177.8434600,2.81120,0.8860,11.582
K00163.01,6851425,2.08,11.119902800,0.8160,139.7535240,3.37590,0.7660,13.536
K00463.01,8845205,1.55,18.477626940,0.2710,185.2690610,1.94000,0.2830,14.708
K00563.01,6707833,2.70,15.284677250,1.0450,175.6234500,6.07680,1.3740,14.519
K00663.01,6425957,1.37,2.755637216,0.5700,170.8458540,1.85590,0.5530,13.506
K00863.01,6784235,2.62,3.167893418,1.0260,172.1479590,2.18140,0.9400,15.533
K01163.01,10468940,1.92,2.936527336,0.8670,135.7182900,1.77100,1.0020,14.968
K01363.01,6936909,2.18,3.546531809,1.0930,134.9012700,2.27460,0.9860,15.934
K01563.01,5219234,3.24,5.487114410,0.8230,356.0773000,2.93000,0.7870,15.812
K01863.01,11126381,2.71,33.788802800,1.1220,153.6538400,5.49600,1.0620,13.631
K01963.01,10917681,2.55,12.896235540,1.0050,136.8269700,2.62500,0.9230,14.107
K02063.01,7449541,1.56,3.007250680,0.8730,131.9048400,4.43020,0.7810,15.620
K02163.01,11358389,1.76,10.664895140,1.0370,132.0087200,3.15900,1.0210,14.651
K02263.01,8613535,1.91,29.968591700,1.1300,147.8598000,6.67800,1.0760,14.456
K02363.01,7987866,0.97,3.138776460,0.6840,133.6561400,1.66630,0.7220,14.364
K02463.01,12454461,1.04,7.467189580,1.2510,136.3934800,3.63300,1.1690,12.770
K02563.01,5175024,1.34,23.477255300,1.0460,145.3641000,6.73500,1.1210,13.973
K02663.01,7762723,0.68,9.887366420,0.9110,139.5278100,4.23000,0.8160,13.461
K02963.01,8760040,1.78,18.220602400,1.1170,141.3760700,5.10900,1.2620,14.544
K03063.01,10924562,1.94,18.605204600,1.2980,149.0376000,6.82900,1.2380,15.665
K03263.01,11853130,7.71,76.879358930,0.4670,146.8824510,2.38190,0.4360,15.949
K03363.01,11651712,1.69,14.532605460,1.0190,140.4685000,2.42120,0.9320,13.785
K03463.01,5294945,1.42,32.547429500,0.9950,133.6742000,6.94500,1.0610,14.564
K03663.01,12735740,8.98,282.525355800,0.9740,363.0719250,10.79650,0.9130,12.620
K04363.01,9776794,7.45,18.222117680,0.8620,553.0664600,2.04400,0.9580,16.084
K04463.01,6197344,1.52,36.761401100,0.7890,137.7551000,15.98200,0.8230,15.598
K04563.01,10585749,1.70,54.333582000,0.9200,144.7536000,10.54500,1.2210,14.487
K04663.01,7515336,0.74,5.656902810,0.9860,131.5761000,3.58300,1.3200,12.715
K04763.01,8349399,1.57,56.446465000,0.9880,170.5900000,7.37100,1.1170,14.046
K04963.01,3101178,1.65,59.403783900,0.9610,159.8035600,10.04100,1.2090,11.679
K05563.01,8715589,3.80,7.622103970,1.3120,138.6523100,1.90200,3.1620,13.629
K05663.01,9391817,1.52,140.884533000,1.0870,243.1411000,10.24500,1.2130,13.060
K06263.01,2301068,3.33,8.609653520,1.8300,134.3882900,2.21800,4.2330,12.765
K06763.01,6763884,0.56,2.446938230,1.0220,133.0009200,0.95400,1.0330,12.160
K06863.01,7350067,0.95,4.485592150,0.1690,135.4317200,0.81610,0.1930,15.737
K07863.01,8107150,0.52,5.244915600,0.8620,136.0365000,8.36700,0.8780,13.695
K08063.01,11714107,2.11,405.354570000,0.9200,311.8000000,10.77800,0.9060,15.328
K08163.01,8708961,119.96,370.982530000,0.9990,308.2287000,17.84000,1.6300,13.936
K08263.01,6356506,2.17,280.555440000,1.1290,308.0323000,12.75700,1.0780,15.160
K00064.01,7051180,10.35,1.951082219,1.2580,157.5431600,1.69750,2.4260,13.143
K00464.01,8890783,7.02,58.362057910,0.9730,196.5554050,6.33630,0.9530,14.361
K00564.01,6786037,2.75,21.053499390,1.0180,171.9245700,7.16050,1.2470,14.854
K00664.01,6442340,1.85,13.137477850,0.9820,170.2278600,4.86550,1.1430,13.484
K00764.01,11304958,5.50,41.439586620,0.9300,208.9320300,10.59890,1.0460,15.400
K00864.01,6849310,3.11,4.311780262,0.9560,173.5764830,2.72510,0.9270,15.604
K01064.01,8218274,67.35,1.187352427,1.2430,133.4654540,4.99900,1.4890,13.623
K01264.01,8612847,3.02,14.131753090,0.9070,142.2604400,4.01360,0.8220,15.762
K01364.01,6962977,2.26,20.834149700,0.8210,186.0392100,4.52200,0.8080,15.956
K01564.01,5184584,5.82,53.449444980,1.1140,149.2018500,5.30910,1.0000,15.287
K01764.01,11904734,7.25,12.681733929,0.6770,132.6825190,1.68660,0.7010,15.303
K01864.01,4149450,1.54,3.215109385,0.9420,133.7774700,4.36500,0.9340,13.405
K01964.01,7887791,0.60,2.229326354,0.9140,133.0942300,1.99460,0.8650,10.687
K02064.01,2579043,2.17,6.312191710,1.1240,136.9331500,4.93770,1.0750,14.959
K02164.01,7204981,1.65,5.123320400,0.8720,132.0847200,2.74660,0.9820,15.162
K02264.01,12256520,1.51,33.240798500,0.9280,143.4668300,4.67500,0.8270,14.477
K02564.01,9026749,4.96,66.557672800,1.6480,181.3241000,10.53200,3.4050,14.074
K02664.01,5562090,2.66,28.843175100,0.7580,143.8230700,3.17100,0.7850,15.652
K02764.01,10073672,1.19,2.252976718,0.5830,132.2395700,1.71310,0.5590,15.794
K02964.01,10098844,1.61,47.449713400,1.0420,173.4565000,10.67500,1.1260,14.089
K03264.01,9345933,1.36,13.015182600,0.6320,134.7469700,3.61300,0.6430,15.961
K03864.01,4164922,0.99,1.210693626,0.7560,132.3930600,1.43400,0.7560,12.914
K04364.01,7427764,1.22,4.563836970,0.8480,132.2606800,2.27100,0.8610,15.448
K04464.01,11357664,1.23,4.373570433,0.6270,133.8281400,0.62300,0.6400,15.194
K04764.01,6043562,1.45,31.420211100,0.8220,132.7457000,4.02100,0.7480,15.809
K05964.01,12300524,0.85,32.033211000,1.1080,146.8143000,5.28900,1.0050,13.186
K06164.01,7835312,1.84,29.512615300,1.0270,134.7234000,6.31400,1.3510,15.334
K07764.01,6124137,2.83,227.834570000,1.1430,238.7643000,21.59000,2.1930,13.845
K00070.01,6850504,2.99,10.854095934,0.8760,138.6080310,3.77680,0.9250,12.498
K00270.01,6528464,1.53,12.582298080,0.9110,175.0212900,6.37500,1.4230,11.411
K00370.01,8494142,3.61,42.882479510,1.2400,203.6483000,9.74710,1.7630,11.931
K00470.01,9844088,4.61,3.750832927,1.0680,171.1516960,1.94570,0.9500,14.749
K00670.01,7033671,2.16,9.489655270,1.0050,171.9260400,3.58700,1.2040,13.774
K00870.01,6949607,1.73,5.912273234,0.5860,172.1840120,2.32540,0.5700,15.036
K01070.01,8240904,2.98,6.618363090,0.9470,360.3669400,3.68130,1.2940,15.590
K01170.01,10482160,1.84,7.343739640,0.8650,137.2987400,1.17840,0.7620,14.657
K01270.01,8564587,2.41,5.729317577,0.8820,138.5599710,1.18160,0.7860,14.809
K01370.01,6924203,1.69,6.883376100,0.8860,135.2652200,2.27020,0.7940,14.931
K01470.01,9480310,4.30,15.434009960,1.0650,363.2949400,4.25720,0.9510,15.703
K01570.01,8082001,3.31,6.338559460,1.1320,354.8510400,3.46170,1.0300,15.182
K01870.01,10187159,2.44,7.964314920,0.8310,136.8164600,1.53420,0.9100,14.425
K01970.01,9650808,2.57,21.964016460,0.9370,133.0358600,2.75090,0.9580,15.378
K02370.01,5385304,7.76,78.732702300,1.5810,168.7292600,5.04100,2.7630,13.003
K02770.01,10917043,2.11,205.385912000,0.6460,284.1882400,8.68100,0.6240,15.558
K02970.01,5450893,1.08,4.820510880,1.0240,135.7854100,3.58800,1.3960,12.861
K03370.01,11657614,1.52,24.352541000,0.7760,147.1949000,2.78200,0.8050,14.779
K03470.01,9995771,1.61,15.061783500,1.0240,140.1111000,6.31000,1.1580,15.386
K03770.01,5008245,7.31,2.607208330,1.2570,131.8484400,2.64520,1.2360,14.103
K04570.01,4060229,2.13,35.017505300,0.9050,139.8496000,3.60800,1.1230,14.638
K06970.01,8115647,1.87,40.769854100,1.0810,158.8636300,2.99700,1.2100,14.908
K07270.01,10002049,1.42,19.253212800,1.0360,144.8407000,1.67400,0.9530,15.362
K07670.01,3848083,1.18,8.479526600,1.0470,138.1276000,6.05200,0.9310,15.994
K07870.01,8182107,2.10,92.552007000,1.0970,221.5872000,2.13500,1.2200,14.452
K07970.01,9873004,1.28,1.985146350,0.9460,132.0268200,1.62500,0.8450,15.988
K08270.01,7832787,2.09,338.006920000,0.9340,262.4000000,16.74500,0.8980,15.023
K00070.02,6850504,1.78,3.696121272,0.8760,134.5014000,2.46300,0.9250,12.498
K00270.02,6528464,1.86,33.672806580,0.9110,162.0367600,8.22670,1.4230,11.411
K00370.02,8494142,2.17,22.950622780,1.2400,151.5325900,4.48140,1.7630,11.931
K00870.02,6949607,1.65,8.985819010,0.5860,175.6841800,2.86060,0.5700,15.036
K01070.02,8240904,4.75,107.721409200,0.9470,354.1952200,8.04200,1.2940,15.590
K01270.02,8564587,1.71,11.609085330,0.8820,133.9932400,2.26030,0.7860,14.809
K01970.02,9650808,2.89,125.602323000,0.9370,215.4336000,7.10500,0.9580,15.378
K03370.02,11657614,1.23,5.942286030,0.7760,133.8040000,2.16900,0.8050,14.779
K03470.02,9995771,2.00,25.433786400,1.0240,143.1302000,6.51400,1.1580,15.386
K00172.01,8692861,2.23,13.722368200,0.8130,137.8408300,5.12310,0.9430,13.749
K00472.01,10123064,3.16,4.243748097,0.9300,173.5630740,3.36030,0.8430,15.000
K00572.01,8193178,2.87,10.640210080,1.0570,179.7777600,5.43810,1.2330,14.173
K00672.01,7115785,2.56,16.087862460,0.9040,172.8138400,3.09500,0.9140,13.998
K00872.01,7109675,8.46,33.601233710,0.8820,186.6803430,4.40560,0.9300,15.262
K00972.01,11013201,8.25,13.118962443,2.0180,261.5394340,4.30450,4.2400,9.275
K01072.01,8229696,1.95,10.128051580,0.8650,139.1159000,3.51700,0.8200,14.743
K01472.01,7761545,6.31,85.351487500,0.9660,161.0076080,6.75040,0.9380,15.061
K01572.01,10004519,2.99,9.803211430,1.0630,363.9868600,4.46170,0.9920,15.439
K01672.01,5269467,2.31,33.867778300,0.6830,137.5153200,3.72000,0.6910,15.810
K01872.01,9883311,11.26,30.523145900,0.8850,146.8507200,2.72860,0.7900,15.841
K01972.01,11253711,2.88,17.791086670,0.9200,149.2534400,2.66200,1.3400,13.800
K02072.01,12058147,1.23,1.543205410,0.9500,131.5554000,2.57790,1.2820,13.380
K02172.01,4173026,3.41,10.440873980,0.9360,137.9711300,3.74300,0.9810,15.104
K02372.01,12254909,1.29,5.349791000,1.1970,133.8836000,4.27900,1.1830,13.386
K02472.01,9395719,2.07,2.607545159,1.1930,131.8345300,1.39160,1.0960,15.618
K02572.01,7501646,2.15,6.377052950,1.0800,136.9138400,1.94900,0.9650,15.522
K02672.01,11253827,4.70,88.512201400,0.9180,182.6726600,6.82140,0.9450,11.921
K02972.01,8949925,1.98,13.251121400,1.0720,141.1780000,4.99600,1.2170,15.085
K03372.01,9785921,2.28,26.757586600,1.1110,137.2871700,5.85800,1.0520,15.420
K03472.01,9536108,1.14,10.430031180,1.0850,133.2962000,2.02900,1.0310,14.412
K03572.01,4743508,1543.74,2.086076372,0.8390,133.4161410,2.40320,1.1190,14.554
K04072.01,6755944,2.24,0.692978457,1.2350,131.8014200,1.13660,2.3040,13.447
K04372.01,9702006,1.06,6.245646330,0.7860,137.1624100,2.45900,0.7070,15.485
K04772.01,8397947,1.69,3.380805370,1.1460,133.9484200,3.27500,1.1930,15.514
K04972.01,3340165,1.35,26.092284000,1.2410,149.1087000,6.62300,1.2140,13.980
K06672.01,6187508,1.00,2.284943010,0.8450,132.9234300,1.01000,0.7890,15.181
K07072.01,8624860,4.39,15.390261300,1.7400,140.8602000,3.43100,4.9940,13.808
K07272.01,10019854,1.26,14.101102300,1.2190,133.4744000,4.51300,1.1990,15.105
K08272.01,8022520,1.14,432.427870000,1.0680,361.4078000,19.63000,1.0090,13.814
K00075.01,7199397,10.16,105.881766700,1.3010,156.9793500,18.04400,2.4990,10.775
K00275.01,10586004,2.40,15.791965940,1.2510,176.8188800,7.27720,1.7040,11.696
K00475.01,10577994,2.10,8.180894900,0.8640,176.6988500,2.75460,0.7700,14.802
K00575.01,8367113,2.80,24.315740090,1.1040,183.4087500,4.13440,1.0470,14.686
K00775.01,11754553,2.00,16.384899880,0.6330,172.7278200,3.02490,0.6150,15.095
K00875.01,7135852,2.62,4.220965778,0.5440,170.6224330,3.08540,0.5170,15.692
K00975.01,3632418,1.69,2.785821236,1.1620,260.8373100,3.55990,1.7330,8.224
K01075.01,10232123,18.66,1.343767797,1.2300,133.2758620,1.94050,2.3120,13.056
K01175.01,10350571,1.78,31.592580900,1.0160,142.9649000,13.56600,1.4870,13.290
K01275.01,8583696,3.88,50.286359770,1.0120,167.6335100,6.32120,1.1670,13.672
K01375.01,6766634,7.25,321.212436500,1.0900,206.9305560,4.01200,1.2860,13.709
K01475.01,4770365,1.57,1.609321941,0.6090,178.9417800,1.60670,0.6030,15.937
K01675.01,5360920,21.92,14.623996210,0.9070,144.4552700,2.19300,0.8150,15.789
K01875.01,9967771,2.85,9.917242680,0.9320,135.1389000,3.22410,1.2070,14.498
K01975.01,8543100,2.40,7.560522090,1.0260,134.4788900,3.85730,0.9400,15.986
K02075.01,10857519,1.44,2.053341891,1.0760,134.5160600,2.59600,1.3580,12.217
K02175.01,9022166,3.20,26.847596200,1.1360,142.1702300,10.06800,1.9880,12.848
K02675.01,5794570,2.17,5.448321078,0.9830,132.4908800,2.22130,0.9050,12.430
K02775.01,6346809,27.21,17.577045690,0.8190,137.7311600,2.02200,0.9010,14.940
K03075.01,3328080,0.92,4.765590560,0.8370,133.5053100,2.20000,1.1250,12.994
K03375.01,6779726,2.57,47.056332700,0.9670,173.9653000,4.80700,0.9240,15.695
K03875.01,11911561,39.46,8.870415578,0.8880,137.4810930,1.28640,1.5140,13.579
K03975.01,9280239,2.89,364.751562000,0.6160,135.4751400,13.05700,0.6300,15.188
K04575.01,9893468,1.98,201.325036000,1.3060,174.7724000,14.40000,1.6990,13.174
K04775.01,8626325,2.75,16.449151500,1.4640,145.7441000,6.69600,2.7890,12.999
K04875.01,2986833,0.65,0.912179022,0.5910,131.8117400,1.33200,0.5550,15.783
K05375.01,7213311,5.94,285.374561000,0.8170,311.2988300,4.86500,2.7560,13.863
K05475.01,8105398,2.41,224.150923000,0.8180,341.0275600,12.45500,1.2860,13.093
K05875.01,11176166,2.64,9.878850200,1.1020,134.3829000,2.95100,1.1480,14.496
K06375.01,3972432,0.97,2.908051470,0.9610,134.3193000,2.81200,0.8690,14.557
K06475.01,4939265,1.54,4.845059850,0.7090,134.9486800,2.07800,0.7140,13.731
K07375.01,10812541,1.51,4.848472450,0.6430,131.9095400,0.87400,0.6470,14.849
K07775.01,6278670,3.46,89.945828000,0.8910,133.5634000,2.28600,1.9240,13.640
K07875.01,8242769,1.32,21.971157400,0.9890,137.6914000,5.01200,0.9970,15.570
K08275.01,8329346,3.76,389.875816000,0.8860,273.6498000,3.33600,0.7900,15.953
K00082.01,10187017,2.48,16.145671932,0.8060,134.7548770,3.72360,0.7410,11.492
K00182.01,5376836,12.86,3.479425638,0.9290,136.7971720,3.44790,0.8780,14.041
K00282.01,5088536,2.98,27.508715750,0.9500,182.1034940,5.92910,1.1370,11.529
K00582.01,9020160,2.69,5.945043548,0.8100,170.4722370,2.70040,0.8680,14.808
K00782.01,11960862,5.31,6.575315881,0.9270,173.6340440,4.30840,0.9890,15.312
K01082.01,10141900,1.67,6.503270350,0.8000,135.2665700,2.59100,0.8430,15.692
K01282.01,8822366,3.01,30.863947600,1.0810,162.8807700,8.86400,1.5710,12.547
K01582.01,4918309,11.32,186.436181100,0.9260,146.9182500,5.77400,1.3700,15.402
K01882.01,6205228,2.13,3.770590654,0.9990,133.3908800,2.02900,1.2080,14.668
K01982.01,6862721,2.45,4.887531110,1.0530,132.7078300,2.03400,0.9570,15.768
K02082.01,9472000,2.59,31.588897900,1.0200,155.6153800,3.43800,1.3670,14.143
K02182.01,6962109,2.31,17.132631250,0.8760,147.1546000,3.05550,0.7940,15.842
K02282.01,6751874,2.13,6.892263330,1.0970,132.4644000,2.49210,1.4630,14.207
K02482.01,11403389,2.44,45.090920100,0.9980,133.5514600,4.60500,0.9000,14.976
K02582.01,11771430,2.01,40.030626700,1.1610,148.8588200,4.81500,1.3730,13.628
K02982.01,8360640,1.37,4.022310900,0.8730,135.1729800,0.85300,0.8270,14.264
K03282.01,12066569,1.75,49.276844800,0.5280,157.0207300,3.78700,0.5290,15.855
K03482.01,7288444,1.91,15.331771900,1.0180,142.5217000,5.46700,1.2850,15.098
K04382.01,6937529,0.89,2.946489350,1.1940,132.4220800,3.15500,1.1710,14.144
K04482.01,7778427,0.78,5.382992840,1.1350,136.2390000,3.33600,1.2930,12.642
K04582.01,7905106,0.35,4.224269890,0.9030,132.3611000,4.22000,0.8830,11.756
K05482.01,8158429,2.96,31.707574649,0.9570,138.2539898,7.67710,0.8650,15.197
K06182.01,8590149,1.19,19.240582100,0.8010,138.7454000,4.99000,0.8480,15.099
K06582.01,5466109,1.07,2.431355420,1.0250,133.9207700,1.40100,0.9550,15.225
K06882.01,7461521,1.87,0.773530100,1.0930,132.1961000,1.33500,1.3500,14.752
K07182.01,9513168,1.74,6.853888000,0.6940,136.5231000,2.56100,0.6840,16.538
K07882.01,8364232,1.31,65.415183000,0.6360,140.2325000,4.22400,0.6460,15.559
K07982.01,10011213,3.26,376.379890000,1.0250,486.6022000,13.99000,0.9550,15.632
K08082.01,12602999,2.48,8.276602800,1.5960,131.7601000,4.83400,2.7530,12.430
K00084.01,2571238,2.10,9.286964466,0.9070,135.9945000,3.36490,0.8100,11.898
K00284.01,6021275,1.93,18.010199560,0.9290,179.4213700,3.51600,1.1010,11.818
K00384.01,3353050,3.95,5.080057900,1.3590,174.4285300,5.20700,2.5200,13.281
K00484.01,12061222,2.22,17.205228980,0.7660,175.0587800,3.66880,0.6890,14.472
K00584.01,9146018,2.76,9.926721500,0.9470,175.6867100,3.84280,0.9820,14.129
K00684.01,7730747,6.95,4.034914368,1.0790,172.2578130,1.78740,1.7930,13.831
K00784.01,12066335,1.93,19.271538920,0.5760,186.7709300,2.75940,0.5600,15.385
K00884.01,7434875,4.16,9.439459486,0.8910,177.1860960,2.89790,0.7790,15.067
K00984.01,1161345,2.29,4.287466680,0.9110,262.0624500,1.56930,0.8150,11.631
K01584.01,9941066,1.44,5.870634160,0.6240,137.2481300,2.57360,0.6120,15.961
K01784.01,10158418,8.80,5.007414194,1.0340,135.0240660,1.35840,1.0420,13.592
K01984.01,10094670,2.67,22.064020000,1.1740,148.9199000,4.10000,1.0900,13.698
K02084.01,3967326,3.02,4.195773850,0.8780,135.1760500,2.15570,1.0050,15.168
K02484.01,10453588,1.47,68.886101700,0.8630,160.2995800,5.92500,1.2220,12.464
K02984.01,7918652,1.12,11.455418960,1.2690,136.3252400,4.95000,1.3560,13.066
K03184.01,4735826,0.68,7.545922037,1.0390,134.4902954,4.03290,1.3760,11.158
K03284.01,6497146,0.97,35.233069400,0.5540,135.3647700,3.67400,0.5240,14.467
K03384.01,8644365,3.89,10.548413290,1.0590,139.0640200,1.87200,1.0920,13.204
K03484.01,10881457,4.17,84.704139000,1.2710,152.1832000,10.39300,1.6340,15.169
K03984.01,8036287,2.03,1.444452340,0.9390,132.8068500,0.97530,1.4490,14.536
K04084.01,3937814,2.68,214.881456000,0.8620,213.4044000,9.58100,0.9950,15.188
K04184.01,6752002,1.07,6.080037140,0.7670,136.8826200,1.30800,0.8040,13.473
K04384.01,5860968,2.15,122.358116000,0.9980,134.3477000,10.76800,1.1390,14.945
K04484.01,9898017,0.98,2.297948190,1.1170,131.4982600,2.84000,1.0720,15.079
K05084.01,4760478,11.67,287.377314000,1.0790,348.8331800,18.82100,1.7930,15.756
K05284.01,6443093,27.61,389.316341000,0.9210,351.3604900,5.49000,0.9580,14.570
K05384.01,7377343,9.50,7.954457790,1.0520,135.4846200,4.60120,1.1960,14.406
K07884.01,8391983,1.49,0.709650420,0.8650,131.9769500,1.31800,1.0020,15.444
K00089.02,8056665,4.52,207.582930600,1.3530,289.8831100,7.06860,1.7900,11.642
K00289.02,10386922,7.56,296.637581700,0.9580,403.6720420,16.42500,1.4170,12.747
K01089.02,3247268,5.10,12.218280970,0.9570,140.3210950,2.69690,1.0810,14.696
K01589.02,5301750,3.15,12.882913950,0.9870,135.1873600,5.67600,1.1310,14.764
K01889.02,11074178,2.17,9.181891220,0.9380,132.4050500,4.34300,0.8460,15.338
K02289.02,3867615,1.58,20.098367600,1.0980,207.5775700,5.20700,1.2600,13.358
K00094.01,6462863,9.99,22.342964828,1.1060,132.7416410,6.66405,1.3310,12.205
K00194.01,10904857,14.16,3.120828136,1.0700,139.4665940,2.18780,0.9960,14.804
K00294.01,11259686,2.78,34.435938700,1.1850,193.0380000,5.82000,1.3630,12.674
K00494.01,3966801,1.70,25.695814560,0.4960,188.7888900,4.02510,0.4770,14.885
K00694.01,8802165,3.11,17.421159720,1.0580,184.2459060,4.99740,0.9720,13.939
K00794.01,2713049,2.06,2.539183147,0.9210,169.6749400,2.42820,1.0620,15.026
K00994.01,1431122,2.12,4.298920100,0.8610,132.8618700,2.74700,0.9860,14.613
K01094.01,2721030,2.59,6.100276210,1.0260,135.5865600,4.74760,0.9370,15.678
K01194.01,3554031,2.01,8.707983090,0.5900,363.0563800,2.49040,0.5540,15.842
K01494.01,11821363,2.04,8.195966470,0.7340,136.6873600,2.82400,0.7470,15.858
K01694.01,6699368,20.23,3.690317047,1.0030,131.5420940,1.37840,1.0540,14.336
K01894.01,11673802,7.10,5.287907540,1.4410,135.3611900,8.52740,3.8180,13.427
K02094.01,8505920,3.44,42.426964700,0.8690,156.1719400,5.90700,1.0130,15.001
K02194.01,3548044,1.75,34.763054300,0.8020,161.7421700,4.30900,0.9500,13.865
K02294.01,6934986,3.03,131.485184000,0.9680,177.4874900,5.29400,1.2420,14.895
K02494.01,7047207,2.33,19.118742500,1.0970,138.4282400,6.80500,1.4630,14.838
K02594.01,8004903,2.42,11.254018710,1.0220,136.8901000,4.75900,1.1180,15.166
K02694.01,9475552,1.70,0.843379985,0.8090,131.9661740,1.44740,0.8560,14.975
K02894.01,6937402,1.27,10.310823200,0.9670,141.5114000,5.61700,0.8930,15.619
K02994.01,11244137,1.60,2.033874830,1.0750,131.9192700,3.09700,1.8990,14.621
K03094.01,12352520,1.33,4.577001600,0.5260,132.0992100,0.94900,0.4970,15.737
K03194.01,12004971,1.46,10.813154170,1.3510,131.6593100,1.27500,1.4600,11.487
K03394.01,7748487,1.79,15.576406100,1.1690,135.9482000,5.38200,1.0760,15.491
K03494.01,8231667,2.67,42.877416900,0.7680,156.0696700,1.99100,0.8320,15.654
K03794.01,12557548,22.95,0.653553610,0.6660,132.0589570,1.63000,0.6600,15.692
K04194.01,5644412,1.29,1.538185321,0.7940,132.4906700,1.68300,0.7230,15.329
K04694.01,9457948,1.24,19.252765200,1.1020,144.2659000,4.86200,1.0460,14.851
K04794.01,6358937,1.03,24.504110300,0.8540,140.1805000,6.06500,0.9620,14.375
K06194.01,9145861,140.14,42.294739000,2.3510,133.8808000,34.63000,7.8490,12.057
K06994.01,8227464,0.70,4.259078410,0.9420,135.5815000,4.51300,1.3160,12.832
K07894.01,8555967,1.62,347.976110000,0.9640,169.4330000,16.77000,0.8780,14.648
K00094.02,6462863,3.72,10.423677439,1.1060,138.0090410,5.22570,1.3310,12.205
K02094.02,8505920,2.79,198.680859000,0.8690,270.6653500,8.28200,1.0130,15.001
K02194.02,3548044,1.71,67.968656000,0.8020,163.5597200,7.94800,0.9500,13.865
K02694.02,9475552,1.83,6.566069410,0.8090,134.4951200,1.84550,0.8560,14.975
K00094.03,6462863,6.07,54.319961510,1.1060,161.2398690,8.58580,1.3310,12.205
K01194.03,3554031,1.23,4.176342760,0.5900,352.9967400,2.33500,0.5540,15.842
K02194.03,3548044,1.37,445.216850000,0.8020,202.8470000,16.37000,0.9500,13.865
K00100.01,4055765,16.89,9.966400400,1.5950,141.1532400,5.01270,3.0790,12.598
K02100.01,6047072,1.22,4.271037270,0.9930,133.1402800,2.27590,0.9060,14.553
K07100.01,8848104,78.00,0.824851807,0.7980,131.6271509,1.93637,1.6540,12.372
K00103.01,2444412,2.62,14.910951770,0.9320,141.3367260,3.32500,0.8990,12.593
K01103.01,2860866,7.12,90.124050700,1.2790,356.2341500,11.64900,1.2150,14.960
K02103.01,7620413,1.26,2.543063763,0.9450,132.6815900,2.84730,1.0290,14.736
K04103.01,3747817,2.41,184.772710000,0.8610,217.3573000,9.56800,0.8010,14.838
K00105.01,8711794,3.14,8.981014925,0.7850,136.6493070,1.84780,0.9670,12.870
K02105.01,8165946,1.25,6.421999190,1.0300,134.5803700,2.61920,0.9810,13.862
K03105.01,12168993,1.04,4.212235790,0.6980,132.9291000,7.89800,0.7000,15.277
K00108.02,4914423,5.47,179.609803000,1.0680,295.3303610,13.75500,1.4330,12.287
K01108.02,3218908,5.88,1.475323222,1.8080,131.8327200,2.31550,4.8850,14.604
K00115.01,9579641,2.94,5.412203927,0.9410,133.1430890,2.94720,1.0870,12.791
K01115.01,3116412,2.03,12.992048530,0.9680,136.3201600,6.01750,1.2420,13.974
K02115.01,9532052,2.69,15.725859410,0.8240,133.9877400,3.82840,0.7550,16.144
K03115.01,11714231,1.45,5.866012700,1.0510,136.3564700,3.98500,1.0400,15.273
K00119.01,9471974,8.20,49.183941850,1.2470,141.9119240,11.33640,2.0570,12.654
K02119.01,4055304,1.65,0.571038347,0.8200,131.6537520,1.12670,0.8860,14.098
K03119.01,5551672,0.94,2.184437698,0.2360,133.6749200,1.04220,0.2500,16.946
K00137.01,8644288,4.91,7.641567589,0.8820,135.4075640,3.41018,1.0550,13.549
K02137.01,9364609,1.28,14.974362380,0.7960,141.5005700,2.44610,0.8000,13.747
K03137.01,9758032,0.85,1.332035996,0.8110,131.5838600,1.39100,0.7300,15.682
K06137.01,5816144,1.44,12.497059900,1.0550,140.8987000,3.87700,1.0210,14.191
K00137.02,8644288,5.94,14.858908520,0.8820,128.1548690,3.52520,1.0550,13.549
K00139.01,8559644,7.67,224.778935500,1.0920,142.0953380,11.18990,1.2350,13.492
K04139.01,9956082,1.38,3.740317080,1.1180,134.7030500,2.39400,1.0630,15.331
K00148.01,5735762,1.85,4.778003060,0.8560,124.0614650,2.73610,0.8730,13.040
K01148.01,8410727,2.07,11.476090150,1.1560,135.3962200,5.04600,1.4100,13.908
K02148.01,6021193,1.83,11.932053990,1.1730,142.1064800,6.20500,1.3910,13.353
K07148.01,9221627,2.32,1.761377800,1.1930,132.9890000,1.35500,1.2070,15.020
K00148.02,5735762,2.63,9.673958488,0.8560,125.3394180,3.26410,0.8730,13.040
K01148.02,8410727,1.71,25.263046700,1.1560,134.1839700,6.22000,1.4100,13.908
K02148.02,6021193,1.59,7.542358320,1.1730,132.9611700,4.73000,1.3910,13.353
K00152.01,8394721,7.14,52.090816270,1.1010,158.7446650,8.63880,1.3240,13.914
K02152.01,9641481,2.35,42.191833100,0.9280,155.3121100,7.08300,1.0800,15.060
K04152.01,7199060,8.00,64.186226400,1.6180,191.6563900,8.48500,2.7580,12.972
K00152.02,8394721,3.63,27.402298590,1.1010,133.6284000,6.84910,1.3240,13.914
K00152.03,8394721,3.39,13.484576680,1.1010,136.6180800,5.01970,1.3240,13.914
K00152.04,8394721,3.01,81.063789500,1.1010,139.5349200,3.00100,1.3240,13.914
K00156.03,10925104,2.08,11.776132317,0.5600,142.7057530,2.89710,0.5400,13.738
K00157.01,6541920,2.88,13.024933070,0.9210,138.1761570,4.57060,1.0460,13.709
K04157.01,4548098,0.77,3.823156970,1.2130,133.0693600,2.38800,1.1220,12.692
K05157.01,5391911,21.02,0.782068488,1.9390,131.8940201,1.23900,20.2370,11.378
K07157.01,9301564,1.17,23.983052300,0.9160,136.7741000,8.77000,1.2920,13.863
K08157.01,8527297,,0.587300210,,132.3502325,0.82000,,14.010
K00157.02,6541920,3.20,22.687155000,0.9210,148.4554350,5.49210,1.0460,13.709
K04157.02,4548098,0.83,5.215752000,1.2130,133.4040000,1.13000,1.1220,12.692
K00157.03,6541920,4.12,31.995524850,0.9210,154.1607450,4.28170,1.0460,13.709
K00157.04,6541920,2.52,46.685620500,0.9210,225.0460400,6.37940,1.0460,13.709
K00157.06,6541920,1.84,10.304011320,0.9210,138.5037700,4.22460,1.0460,13.709
K00165.01,9527915,2.38,13.221753580,0.8380,139.5706270,2.78840,0.7990,13.938
K01165.01,10337517,2.36,7.053934488,0.8540,136.3572530,1.72440,0.8630,13.916
K03165.01,9579208,1.02,4.117544210,1.1470,132.7918900,4.36200,1.7260,10.335
K00168.01,11512246,3.06,10.742417650,1.0360,133.2867000,6.06330,1.5180,13.438
K02168.01,11308499,1.60,3.281920560,1.0640,132.4248500,2.91700,1.1620,14.842
K03168.01,4450844,1.06,56.347951700,0.9630,163.3795000,8.78900,1.4710,10.455
K00168.03,11512246,1.72,7.106957410,1.0360,138.3227100,5.14620,1.5180,13.438
K00177.01,6803202,1.78,21.060753030,0.9400,143.5998300,5.24720,1.0340,13.182
K02177.01,10965588,2.50,62.891749300,0.8050,139.1277800,6.83100,0.8550,15.481
K00180.01,9573539,2.19,10.045563770,0.9520,129.0937100,3.20270,0.8530,13.024
K02180.01,7286911,2.11,11.555620420,0.9450,138.1975200,1.67580,0.8500,14.816
K04180.01,6938264,0.60,1.121634781,0.7350,132.3131100,1.15500,0.7200,13.958
K08180.01,9268159,2.76,185.975340000,2.0490,299.6938000,8.74400,3.6380,10.554
K00200.01,6046540,14.31,7.340714946,1.2680,134.3457036,2.99870,1.4980,14.412
K02200.01,10909127,1.69,3.170597310,0.9450,132.6781300,1.66860,0.8430,15.353
K00202.01,7877496,13.25,1.720861290,1.0680,133.0209998,2.02430,1.2150,14.309
K01202.01,3444588,1.16,0.928310036,0.6210,133.8035800,1.18990,0.6020,15.854
K02202.01,4144576,1.14,0.813166357,0.9070,131.8253600,1.41220,0.8870,14.113
K03202.01,4262040,2.86,92.461135000,1.2110,211.1951000,14.34400,2.6480,11.784
K04202.01,5084171,2.53,153.979362000,0.9440,165.4910000,9.02800,0.9030,15.672
K00203.01,10619192,14.48,1.485710994,1.0210,132.7935653,2.28740,1.0180,14.141
K01203.01,3962243,3.70,31.884147300,1.0370,160.2069600,6.12200,0.9740,15.368
K03203.01,3122872,3.19,96.816470000,1.3800,136.5581300,10.22700,2.4670,11.816
K00209.01,10723750,10.60,50.790346480,1.1020,135.6327590,10.84740,1.4060,14.274
K02209.01,8168187,2.72,18.302723500,0.9620,142.8916600,8.26200,1.8390,14.310
K03209.01,7017274,2.61,11.912566750,1.5560,143.1598800,6.12600,2.3350,11.915
K04209.01,7918478,2.35,9.909210900,0.7840,133.0920000,2.55200,0.7020,15.960
K06209.01,9655711,2.20,12.714363500,1.0220,134.7981800,3.10100,0.9620,16.154
K07209.01,9640123,3.28,8.255349900,1.7140,135.1700000,3.95900,3.6000,13.816
K00209.02,10723750,7.39,18.795912760,1.1020,145.8218540,7.52350,1.4060,14.274
K02209.02,8168187,2.18,35.502865000,0.9620,150.4186000,8.14900,1.8390,14.310
K03209.02,7017274,1.90,6.770676370,1.5560,133.3491400,5.98200,2.3350,11.915
K06209.02,9655711,2.10,7.729669410,1.0220,138.9256600,2.09100,0.9620,16.154
K00217.01,9595827,12.78,3.905081685,0.9970,133.4150433,2.82130,0.8870,15.127
K02217.01,9580992,2.95,37.803412100,0.9120,155.3771900,4.64100,0.8190,15.191
K06217.01,10200627,4.44,7.701669400,0.8020,134.2294000,10.89800,3.6080,15.268
K00226.01,5959753,2.42,8.308653070,0.8040,138.1078800,3.27470,0.8490,14.817
K02226.01,11520459,2.51,8.463543840,0.8960,134.3534100,1.40780,0.8870,15.338
K03226.01,5544450,1.68,4.293888080,1.3430,133.5100200,3.61800,1.5740,12.209
K04226.01,9491832,1.63,49.564693000,1.2340,170.6973000,8.54000,1.4420,12.830
K00232.04,4833421,2.39,37.996236900,0.9950,162.9798400,6.77510,1.1910,14.247
K00234.01,8491277,3.27,9.613753160,1.0370,132.1856790,4.65400,1.1100,14.283
K03234.01,10057494,0.85,2.418101580,1.1350,132.3889400,2.14400,1.2390,12.278
K04234.01,11611275,1.34,6.942452160,1.1320,135.9581900,3.49100,1.0300,15.158
K00244.01,4349452,4.75,12.720370263,1.0970,178.5282970,2.73060,1.2580,10.734
K00244.02,4349452,2.53,6.238535444,1.0970,171.7063250,3.52550,1.2580,10.734
K00248.01,5364071,2.25,7.203855862,0.5410,170.2857310,2.54180,0.5390,15.264
K02248.01,11030475,1.30,2.818147150,0.8120,132.2533600,1.76300,0.7870,15.498
K03248.01,10917433,0.64,6.912615360,0.9600,132.1563800,2.35900,1.0440,12.419
K00248.02,5364071,2.13,10.912740650,0.5410,169.8524700,2.18010,0.5390,15.264
K00250.01,9757613,2.83,12.282998287,0.5370,170.3980900,2.70960,0.5370,15.473
K02250.01,5942808,3.15,2.935362067,0.7900,136.1841500,1.50430,0.8230,15.622
K06250.01,12367464,32.99,1.853209359,1.1400,132.2496610,1.75430,1.7160,13.085
K00250.02,9757613,2.64,17.251213970,0.5370,149.8864790,2.03710,0.5370,15.473
K02250.02,5942808,1.76,0.626281766,0.7900,131.9059400,1.18120,0.8230,15.622
K00260.02,8292840,2.51,100.283067500,1.0590,245.0431800,10.86360,1.2970,10.500
K00262.01,11807274,1.68,7.812858620,1.1870,172.6138000,4.09800,1.5430,10.421
K03262.01,12056139,1.94,13.227475300,1.2370,137.7176800,6.35600,1.1550,15.050
K00262.02,11807274,1.89,9.376637130,1.1870,136.9531900,2.10330,1.5430,10.421
K00269.01,7670943,1.83,18.011649740,1.3000,185.0916200,6.73670,1.4590,10.927
K04269.01,8890924,4.15,26.656573700,1.3730,131.5943300,4.95400,3.0620,13.263
K00271.02,9451706,2.50,29.393371610,1.2250,209.0673700,7.04450,1.3520,11.485
K03271.02,7285757,1.12,7.418345690,0.7760,133.5173800,2.46200,0.7320,15.717
K00274.01,8077137,1.42,15.089641500,1.0920,175.9537100,4.33490,1.6130,11.390
K02274.01,7960980,2.48,9.989702660,0.9100,133.7610200,3.70000,0.8100,15.909
K03274.01,5280587,2.24,35.622552800,0.9750,141.4514000,4.84500,0.8780,15.332
K04274.01,6223324,1.08,1.975074240,1.0220,132.3567000,2.61000,0.9470,15.276
K06274.01,2449245,1.50,18.177292700,1.0920,145.8085000,4.70300,1.0260,15.324
K00274.02,8077137,1.29,22.803025200,1.0920,153.3754100,4.76800,1.6130,11.390
K00277.01,11401755,3.54,16.231917040,1.0090,171.6775800,7.46100,1.5850,11.866
K03277.01,3120904,3.19,42.913663500,1.4190,139.8884800,5.22700,2.4830,13.062
K08277.01,8673511,0.58,0.757261281,0.9980,131.6215400,0.90500,0.9530,14.024
K00279.01,12314973,6.08,28.454890910,1.3050,176.7062650,8.15930,1.5730,11.684
K01279.01,8628758,1.94,14.374575720,0.9460,138.2018900,4.78920,1.0670,13.749
K02279.01,3661886,2.00,27.014262200,1.0270,132.5224500,5.38500,1.1840,13.860
K03279.01,3544640,2.42,30.827824500,1.0470,143.1448000,4.21400,0.9600,15.765
K05279.01,6387557,1.95,103.722152000,1.0190,176.0727000,6.06100,1.1430,14.775
K07279.01,10053138,0.93,11.772814600,0.8750,138.7858600,4.13200,1.0560,13.717
K08279.01,9011955,35.30,367.089600000,1.1880,178.6744000,28.02000,1.1000,15.267
K00279.02,12314973,2.59,15.413081200,1.3050,136.9432400,6.63580,1.5730,11.684
K01279.02,8628758,1.08,9.651883310,0.9460,132.1594700,4.29600,1.0670,13.749
K02279.02,3661886,1.54,12.509457980,1.0270,136.9921700,3.47900,1.1840,13.860
K00282.01,5088536,2.98,27.508715750,0.9500,182.1034940,5.92910,1.1370,11.529
K01282.01,8822366,3.01,30.863947600,1.0810,162.8807700,8.86400,1.5710,12.547
K02282.01,6751874,2.13,6.892263330,1.0970,132.4644000,2.49210,1.4630,14.207
K03282.01,12066569,1.75,49.276844800,0.5280,157.0207300,3.78700,0.5290,15.855
K00284.01,6021275,1.93,18.010199560,0.9290,179.4213700,3.51600,1.1010,11.818
K03284.01,6497146,0.97,35.233069400,0.5540,135.3647700,3.67400,0.5240,14.467
K05284.01,6443093,27.61,389.316341000,0.9210,351.3604900,5.49000,0.9580,14.570
K00302.01,3662838,7.61,24.854665040,1.7000,173.9997100,9.18200,2.5270,12.059
K01302.01,10724369,3.13,55.639188200,1.0500,187.5504400,7.31600,0.9620,14.755
K02302.01,7542813,1.71,16.860080500,0.9060,139.8491600,5.55700,0.9730,14.989
K04302.01,6290935,1.05,5.533120060,1.0470,132.1648000,3.48600,1.4250,13.591
K00308.01,6291837,3.72,35.596968400,1.0820,187.5276500,6.69100,1.2090,12.351
K01308.01,10586208,3.00,23.584447460,0.9470,145.9579800,5.55450,1.3540,13.971
K02308.01,3749978,2.55,28.505721700,0.9440,132.9207500,6.32400,0.8700,15.778
K03308.01,3632089,1.50,31.778756400,0.7730,136.7692900,8.09300,0.9280,14.159
K00312.01,7050989,2.06,11.578909260,1.1930,175.5860300,2.72070,1.3030,12.459
K01312.01,10963242,2.04,6.146995600,1.1850,135.0738500,3.31530,1.2960,14.706
K03312.01,11905409,1.91,18.093900400,0.9580,139.0170600,3.29400,0.8670,15.739
K04312.01,10722485,0.81,7.849318770,0.8280,134.8747000,3.74700,0.9900,13.858
K00312.02,7050989,1.94,16.399264610,1.1930,131.9680600,3.41080,1.3030,12.459
K00314.01,7603200,1.42,13.781094710,0.5050,177.8527850,2.31880,0.5030,12.925
K01314.01,10585852,4.26,8.575049830,1.2680,140.1406300,8.65300,3.4640,13.242
K02314.01,3219995,2.67,18.870587050,1.0280,143.9563900,3.47010,0.9490,14.562
K00314.02,7603200,1.24,23.089022410,0.5050,171.0076340,1.70120,0.5030,12.925
K00314.03,7603200,0.59,10.312822040,0.5050,133.5352800,2.01380,0.5030,12.925
K00315.01,7700622,2.03,35.583496880,0.7530,189.0356200,3.98850,0.6840,12.968
K01315.01,10928043,1.90,6.846398840,1.1150,133.7618100,3.49190,1.3100,13.137
K02315.01,6062929,1.76,22.133422400,0.7820,152.1840500,2.04900,0.7020,15.571
K03315.01,8554701,1.31,31.174831100,1.0030,159.1004900,3.79000,0.9210,13.926
K00316.02,8008067,2.63,157.065997600,1.0250,481.2694200,8.12890,1.1430,12.701
K00318.01,8156120,8.56,38.583367900,1.4860,174.8486800,12.39100,1.9270,12.211
K02318.01,11495458,1.25,10.458398650,0.7340,137.6541600,3.15400,0.7470,14.471
K03318.01,8331612,3.78,13.835395900,1.0300,134.3082000,4.96100,1.0570,15.842
K04318.01,9286088,1.57,14.816292500,1.1910,138.3761000,4.97300,1.3250,12.583
K00319.01,8684730,10.02,46.151194820,1.1870,176.6260260,6.34270,1.9630,12.711
K02319.01,9003401,1.56,21.103301400,1.0680,144.6603500,2.05900,1.1260,13.355
K03319.01,5965819,2.64,19.590610300,1.0720,144.6596900,6.74500,1.4960,15.024
K00330.01,11361646,1.85,7.974205830,1.0360,174.5271800,5.35030,1.0810,13.928
K03330.01,4736644,1.15,16.295125900,0.7810,144.8042500,3.67800,0.8120,15.061
K00341.01,10878263,2.73,7.170710381,0.8840,176.6668440,2.92250,0.9410,13.338
K01341.01,4650674,1.84,4.514360960,1.0910,134.0293000,3.00830,1.2150,14.946
K03341.01,5621333,2.13,27.096514600,1.0380,139.3521000,8.42000,1.3520,14.886
K04341.01,6792908,1.25,10.778313000,1.0540,136.6142000,5.25600,1.2580,13.264
K05341.01,7009548,2.26,15.185755820,1.0500,144.6398500,0.63300,1.3390,12.493
K00341.02,10878263,1.74,4.699652821,0.8840,177.6151900,2.55300,0.9410,13.338
K03341.02,5621333,1.48,11.547498300,1.0380,139.9777000,6.68400,1.3520,14.886
K00345.01,11074541,2.81,29.884877230,0.7250,173.1944040,4.56120,0.7490,13.340
K02345.01,5629538,1.94,15.187270490,0.9560,134.0549500,4.50900,1.0050,14.724
K03345.01,11303322,1.54,38.130332400,1.1480,159.3878000,6.53000,1.1060,14.633
K04345.01,10534155,26.60,4.327108950,0.8040,133.4088600,1.38700,1.4550,13.404
K07345.01,10586619,2.16,377.501257000,1.0380,278.8375000,11.98000,0.9400,15.044
K00350.01,11395587,2.02,12.990650740,0.9710,177.2386500,2.37480,1.0270,13.387
K02350.01,6200235,1.98,1.078389713,0.8570,133.2504100,1.33940,0.9850,15.143
K02351.01,1872821,1.68,10.273809570,0.9960,134.6574800,3.25200,0.8990,14.909
K00352.01,11521793,3.25,27.082397340,0.9930,191.8072800,5.01190,1.3050,13.770
K02352.01,8013439,1.58,13.391551540,1.1980,133.0549900,3.39100,2.1880,10.421
K03352.01,8081239,1.68,10.358570390,1.0050,138.3079400,2.57700,1.0200,15.408
K06352.01,3663494,1.16,5.116836780,0.9990,133.9134000,3.11900,0.9100,15.221
K00353.02,11566064,2.86,30.652893500,1.1580,135.0421100,4.99000,1.6400,13.374
K01353.02,7303287,2.67,34.543945200,0.9980,132.6845300,3.48200,1.1150,13.956
K00366.01,3545478,23.23,75.112213200,1.6940,207.7139870,4.94580,3.3540,11.714
K01366.01,6932987,3.04,19.254040230,1.0380,164.7842400,4.65090,0.9410,15.368
K02366.01,11342416,1.67,25.369086800,1.2120,143.6869900,4.74600,1.4060,12.476
K04366.01,10647452,1.00,0.762950224,0.7970,131.9157000,1.13300,0.7310,15.556
K00370.01,8494142,3.61,42.882479510,1.2400,203.6483000,9.74710,1.7630,11.931
K01370.01,6924203,1.69,6.883376100,0.8860,135.2652200,2.27020,0.7940,14.931
K02370.01,5385304,7.76,78.732702300,1.5810,168.7292600,5.04100,2.7630,13.003
K03370.01,11657614,1.52,24.352541000,0.7760,147.1949000,2.78200,0.8050,14.779
K00370.02,8494142,2.17,22.950622780,1.2400,151.5325900,4.48140,1.7630,11.931
K03370.02,11657614,1.23,5.942286030,0.7760,133.8040000,2.16900,0.8050,14.779
K02372.01,12254909,1.29,5.349791000,1.1970,133.8836000,4.27900,1.1830,13.386
K03372.01,9785921,2.28,26.757586600,1.1110,137.2871700,5.85800,1.0520,15.420
K04372.01,9702006,1.06,6.245646330,0.7860,137.1624100,2.45900,0.7070,15.485
K00374.01,8686097,2.85,172.704608300,0.9100,236.9257400,11.34700,1.1160,12.209
K02374.01,9364290,1.95,5.262118330,0.9630,136.3756600,3.24400,1.3090,14.623
K03374.01,6705026,1.65,9.508487100,1.2960,140.5602000,4.37200,1.6680,14.440
K04374.01,10991114,0.86,3.703867410,0.8690,132.6959600,1.41000,0.7760,14.108
K00392.01,3942670,2.98,33.416055300,1.1080,171.3369600,8.60500,1.4200,13.954
K02392.01,7382313,1.40,7.426973780,0.9570,133.0990000,3.20600,0.9820,14.985
K01410.01,9391506,2.77,15.749585830,1.0880,150.2457900,4.66720,1.0250,15.300
K03410.01,9285265,2.09,16.586032900,0.9910,133.2813600,7.04300,1.3890,15.589
K04410.01,6350882,1.47,5.044043660,1.0270,136.0078500,1.68200,0.9510,15.744
K05410.01,7662502,0.97,24.152786400,1.0730,146.4101000,4.45100,1.0950,13.664
K07410.01,11134079,29.91,1.260575815,0.7010,132.0569049,2.36064,0.7150,14.864
K02417.01,9654468,2.89,47.705256600,0.6690,146.3164000,5.95900,0.6720,16.220
K03417.01,7503885,3.26,91.078624000,1.0140,213.7723000,10.30400,1.0080,15.214
K00430.01,10717241,2.53,12.376468970,0.6220,179.4049450,2.70750,0.6070,14.897
K01430.01,11176127,2.11,10.475480840,0.6620,152.6416500,2.30240,0.6110,15.415
K03430.01,7697103,0.90,13.924800500,0.7180,142.0473200,5.01600,0.6480,15.712
K07430.01,11282568,18.94,1.320499473,3.2570,132.6148800,1.18400,13.4540,11.466
K00435.01,11709124,4.04,20.549818400,0.8950,178.9463960,5.54840,0.9710,14.534
K01435.01,11037335,2.20,40.715049800,0.9700,146.5664700,8.58700,0.8810,14.201
K02435.01,5097868,2.60,6.802434310,0.8840,132.4035500,3.81700,0.8160,15.188
K04435.01,8278685,1.01,10.861416300,1.0690,136.8213000,6.02000,1.0170,13.517
K05435.01,7836096,1.71,15.996129600,0.8550,138.9331600,1.65600,0.7770,15.951
K07435.01,11288772,0.82,1.367523160,1.0440,131.7716300,1.20800,1.0480,13.861
K00442.02,3745690,1.37,1.732346403,0.9180,134.5312300,2.21390,1.0140,14.002
K02442.02,11080405,1.51,12.310135100,0.7970,141.8765000,3.79700,0.8400,15.629
K00456.01,7269974,3.85,13.699422660,0.9290,171.4803600,4.34090,1.0890,14.619
K01456.01,7832356,8.99,7.886632468,0.9460,360.5141320,5.21470,1.1350,15.014
K03456.01,6364582,1.08,30.860978300,0.9020,138.3141600,4.21600,0.8330,12.988
K04456.01,3557560,1.81,7.429932200,0.9720,138.7701000,4.01300,1.2520,15.128
K00457.02,7440748,2.37,7.064252021,0.8270,135.3795120,1.38670,0.7990,14.196
K00463.01,8845205,1.55,18.477626940,0.2710,185.2690610,1.94000,0.2830,14.708
K02463.01,12454461,1.04,7.467189580,1.2510,136.3934800,3.63300,1.1690,12.770
K03463.01,5294945,1.42,32.547429500,0.9950,133.6742000,6.94500,1.0610,14.564
K04463.01,6197344,1.52,36.761401100,0.7890,137.7551000,15.98200,0.8230,15.598
K00464.01,8890783,7.02,58.362057910,0.9730,196.5554050,6.33630,0.9530,14.361
K04464.01,11357664,1.23,4.373570433,0.6270,133.8281400,0.62300,0.6400,15.194
K00473.01,10155434,2.75,12.706361230,0.9390,180.6316400,2.39500,0.8390,14.673
K01473.01,7499398,7.58,23.020284780,1.0460,357.7861240,3.54400,0.9560,15.573
K02473.01,8753896,1.84,3.244175410,0.8130,132.9401400,1.99200,0.8700,15.770
K03473.01,8905246,6.96,27.637147080,1.2540,143.9334200,1.72770,2.4270,13.851
K00474.03,10460984,4.24,94.886902000,0.9660,214.8287900,6.92300,1.0970,14.282
K00481.03,11192998,2.41,34.259514180,0.8350,183.2371800,4.77430,0.7460,14.701
K00500.01,4852528,2.16,7.053527145,0.5840,176.4741460,2.39820,0.5670,14.804
K03500.01,6058816,3.78,73.750276500,1.4080,188.5222100,13.30900,2.4810,13.214
K04500.01,9100953,1.37,8.701796110,0.8250,138.2463300,3.04800,0.8000,15.850
K00500.02,4852528,2.16,9.521644639,0.5840,177.4848390,2.35690,0.5670,14.804
K03500.02,6058816,1.57,4.748266900,1.4080,135.8003000,4.94700,2.4810,13.214
K04500.02,9100953,2.09,44.985188500,0.8250,150.5703000,4.16400,0.8000,15.850
K00505.01,5689351,2.24,13.767100580,0.8060,174.8108900,2.91050,0.7600,14.194
K01505.01,9813499,2.53,5.032570090,0.9960,137.3263800,4.21300,0.9080,15.695
K04505.01,8493354,1.05,18.007143800,1.0230,138.3126600,5.40100,1.1670,13.615
K00520.01,8037145,2.58,12.759344890,0.7890,170.3215200,3.58890,0.8260,14.550
K01520.01,9765975,2.50,18.458483880,0.8590,138.1635000,3.37030,0.9480,14.516
K02520.01,10059645,1.75,6.494414640,0.7240,132.2518900,2.34400,0.7420,15.602
K03520.01,3757590,89.83,135.586076790,1.3040,177.9285627,5.54241,1.3010,13.674
K04520.01,9031703,1.69,9.333548600,1.0710,137.6177000,6.64300,1.8630,14.276
K07520.01,12304728,3.45,3.147357890,1.9920,133.3871000,3.64300,4.9300,14.386
K00520.03,8037145,2.27,25.752749770,0.7890,136.4385100,2.76780,0.8260,14.550
K00523.01,8806123,6.77,49.411211270,1.0210,198.2387090,5.27800,1.0150,15.000
K02523.01,7778767,2.88,13.031358300,0.9260,144.1154400,4.52100,1.0710,15.829
K04523.01,8700895,1.03,5.682516050,1.0160,131.6745000,3.47900,1.1570,14.878
K00524.01,8934495,2.51,4.592393816,0.8900,172.0047230,2.27480,0.7960,14.868
K02524.01,7515762,2.41,40.990500200,1.0720,132.4136000,7.33600,1.4100,15.272
K04524.01,5003670,1.53,7.991446960,1.0030,136.2585500,3.63900,1.0060,14.955
K01525.01,7869917,4.65,7.714676860,1.7140,133.5563500,4.58710,2.5990,12.082
K02525.01,5942949,1.95,57.293230900,0.7090,146.2311200,4.87800,0.7290,15.699
K00528.02,9941859,3.29,96.678185200,0.8860,140.1833900,5.69570,1.0760,14.598
K00547.01,12116489,3.95,25.302918160,0.8220,188.0601480,4.49030,0.8880,14.773
K01547.01,5283458,13.72,30.693955320,1.0860,365.6652140,2.95120,1.0180,15.673
K02547.01,4484336,1.48,8.943377240,0.8730,137.3023400,2.46900,1.0050,14.169
K00551.02,4270253,2.76,5.687986750,0.9450,133.9560700,2.26820,1.1980,14.943
K00564.02,6786037,8.03,127.905412000,1.0180,246.4640100,14.47500,1.2470,14.854
K02564.02,9026749,2.98,17.663797900,1.6480,144.2390000,6.19400,3.4050,14.074
K00588.01,9631762,1.92,10.355864780,0.7640,175.6810600,2.84310,0.7780,14.337
K01588.01,5617854,1.42,3.517494725,0.5780,135.5467240,1.56390,0.5640,14.699
K02588.01,12156347,1.50,5.779571330,0.5990,136.5301400,2.52130,0.5810,15.484
K04588.01,8806985,0.93,7.537374980,1.2120,135.8095600,3.96600,1.4360,12.912
K00592.01,9957627,2.37,39.752991500,0.9600,175.4624400,4.96410,1.0100,14.292
K02592.01,6765135,2.87,175.603366000,1.0700,202.3721000,9.54300,1.0090,15.054
K00598.01,10656823,2.15,8.307839120,0.8820,171.1720100,3.15160,0.7860,14.813
K01598.01,10004738,3.22,56.475806900,0.9520,143.8112800,5.96100,0.8390,14.279
K02598.01,7446631,1.35,29.225437200,1.0690,143.9876400,5.29300,1.0080,14.162
K00601.02,10973664,4.17,11.678942360,1.0410,131.5119000,1.26410,0.9640,14.697
K01601.02,5438757,2.75,62.922493600,0.9260,151.6882000,11.64000,1.0800,14.659
K00607.01,5441980,11.16,5.893991420,1.0100,173.4859730,1.27370,0.8930,14.377
K02607.01,5095635,2.07,0.754457729,0.9250,134.9835220,0.58910,1.1930,14.482
K00610.01,5686174,1.82,14.282281470,0.6120,180.8467700,2.65880,0.5950,14.672
K02610.01,2305866,2.74,24.107317200,1.5020,145.9415000,10.46500,2.5170,12.605
K00620.01,11773022,7.65,45.155356330,1.0530,159.1054400,5.78450,0.9720,14.669
K02620.01,11465950,2.27,16.057329100,0.9000,132.3905400,3.54600,0.8060,15.869
K00620.02,11773022,10.44,130.178029620,1.0530,212.0326380,8.45340,0.9720,14.669
K00620.03,11773022,6.34,85.316200400,1.0530,295.3158800,2.74410,0.9720,14.669
K00631.01,4742414,9.11,15.458056682,1.0660,173.7824540,8.79536,1.4070,13.398
K02631.01,7584650,1.59,44.997760400,1.0970,160.2298000,9.68600,0.9830,13.468
K06631.01,5860347,0.48,2.562712320,0.8230,131.6966500,2.16300,0.8990,13.273
K00635.01,5020319,2.52,16.719873030,1.0490,171.4014300,3.31700,1.0850,13.034
K02635.01,4914566,2.04,22.242003200,1.2190,144.7236400,7.53200,2.1640,12.816
K07635.01,2577353,1.59,60.458443000,1.0080,136.3553000,8.43000,1.1810,14.544
K00638.01,5113822,2.90,23.642196500,0.9800,172.5884400,5.01800,0.8820,13.595
K02638.01,6211812,1.50,2.524017517,0.8490,133.8594600,1.19680,0.8710,15.550
K07638.01,2834805,1.47,25.003202300,1.1760,140.9010600,5.49800,1.6850,12.550
K00641.01,5131180,2.73,14.851855260,0.6710,177.9987000,3.52630,0.6520,13.583
K01641.01,10879038,1.72,4.853840400,1.0380,135.0990200,3.19800,0.9680,14.971
K02641.01,8894646,0.84,3.555579220,0.9260,132.7520300,3.24000,1.0820,13.845
K06641.01,5966732,1.16,1.400903699,1.0330,131.8456200,0.88300,0.9750,15.514
K07641.01,2984990,1.36,3.794372770,0.8770,132.1265000,2.28900,1.5070,14.816
K00661.02,6347299,1.78,25.661381600,0.9760,155.1380600,4.45900,1.1980,13.909
K00672.02,7115785,2.94,41.749386130,0.9040,153.8463600,5.60980,0.9140,13.998
K02672.02,11253827,3.32,42.992328400,0.9180,162.5053200,4.72600,0.9450,11.921
K00676.01,7447200,3.22,7.972510087,0.5560,171.5850570,2.97540,0.5330,13.822
K07676.01,3934657,0.62,5.369408400,0.9510,133.8117000,3.94900,0.8690,13.786
K00678.01,7509886,1.30,6.040462200,0.9380,172.5932700,1.98000,0.8250,13.283
K02678.01,6779260,2.25,3.833087643,0.8780,131.6348200,1.51000,0.8310,11.799
K03678.01,4150804,9.09,160.884519660,0.8180,277.5043420,10.87710,1.0440,12.888
K07678.01,4048898,0.79,13.091487800,1.0480,143.7519800,2.03700,1.2880,11.993
K00695.01,8805348,2.16,29.907218590,0.8750,175.2933700,4.84750,0.8960,13.437
K01695.01,6803855,2.19,71.452316700,1.0940,148.8081400,6.27600,1.4880,13.781
K02695.01,5196864,20.23,2.503432790,0.7820,131.9452200,1.53400,0.8400,15.601
K00707.01,9458613,4.76,21.775681580,1.1000,189.6382800,7.95880,1.6940,13.988
K01707.01,7703955,4.01,96.109323000,0.8750,187.6990000,9.87700,1.0050,15.321
K02707.01,5480640,3.21,58.033742600,0.9020,138.7412000,5.58400,1.1520,14.467
K06707.01,6436505,1.86,43.535891000,0.8710,155.2005500,4.71200,0.7780,15.857
K00707.02,9458613,3.92,41.028342400,1.1000,172.5748100,9.80520,1.6940,13.988
K01707.02,7703955,4.20,265.478470000,0.8750,151.0673000,10.28000,1.0050,15.321
K02707.02,5480640,1.68,14.425263500,0.9020,136.7560800,3.75400,1.1520,14.467
K00707.03,9458613,3.55,31.784815700,1.1000,135.8710500,8.80770,1.6940,13.988
K02707.03,5480640,2.69,26.675781800,0.9020,149.9952700,2.69600,1.1520,14.467
K00709.01,9578686,2.17,21.385158400,0.8140,178.7828500,4.08190,0.8250,13.940
K04709.01,2303903,1.33,3.708585950,0.8640,134.4730800,1.94000,0.7710,15.947
K00718.01,9884104,3.29,4.585466941,1.1790,169.8609500,3.44370,1.4950,13.764
K01718.01,9896558,3.39,67.669055400,0.9640,198.1942700,9.55600,1.0800,15.224
K00720.03,9963524,3.58,18.369746580,0.8260,131.8657300,2.93900,0.8100,13.749
K00723.03,10002866,4.71,10.088810660,0.9450,173.0833530,1.77260,0.8430,15.063
K00730.01,10227020,3.46,14.787671720,1.0550,176.7939900,6.11910,1.2480,15.344
K02730.01,8415200,1.31,4.521586140,0.9630,133.2180400,3.47020,1.2890,13.836
K04730.01,8752940,3.69,9.078291710,0.9510,138.2593300,0.78300,1.6110,14.383
K00730.03,10227020,3.57,19.724367200,1.0550,135.0592300,7.20200,1.2480,15.344
K00735.01,10287242,5.19,22.342135360,0.6740,171.5593900,6.46100,0.7070,15.637
K02735.01,9472074,1.33,0.558841234,0.9030,131.5799100,0.79180,0.7920,15.600
K04735.01,11338056,0.85,2.879983340,0.7900,131.4848500,1.65800,0.8060,14.712
K07735.01,5687986,4.05,382.303060000,1.3230,356.7308000,8.83000,2.5900,13.104
K00738.01,10358759,2.98,10.339240800,0.9680,170.3854900,3.07500,0.8700,15.282
K01738.01,4365645,1.07,4.167878140,0.9100,135.2833400,2.21360,0.8470,13.293
K00738.02,10358759,2.78,13.286899970,0.9680,172.1193200,3.28250,0.8700,15.282
K00739.01,10386984,1.39,1.287076693,0.5330,169.8154910,1.49420,0.5250,15.488
K02739.01,4831728,1.98,10.107737890,0.9150,135.1032000,3.82800,1.1740,15.017
K06739.01,6603765,1.11,19.164111000,0.7470,139.8244000,2.77300,0.6740,15.455
K00746.01,10526549,2.47,9.273581730,0.6760,173.2581550,3.28750,0.6960,15.302
K01746.01,8197343,2.41,11.791612340,0.9620,134.5406400,3.03600,1.1990,14.941
K06746.01,6628926,7.27,2.564012541,1.0240,134.2733914,0.94330,1.4280,14.121
K07746.01,5881307,2.27,393.956080000,1.0560,388.3294000,13.89000,0.9890,15.622
K00750.01,10662202,2.95,21.676991930,0.7910,171.5359400,3.45550,0.8280,15.377
K01750.01,6209677,1.35,7.768456390,0.9280,138.0660200,3.68900,0.9170,14.800
K02750.01,3663173,11.12,174.636181000,1.3130,184.5253000,15.67900,2.2320,15.905
K04750.01,5308296,1.93,36.721576000,0.9370,151.2481000,7.75800,0.8400,15.919
K06750.01,6664842,1.24,5.213950460,0.9650,135.7252000,3.18800,1.4120,14.430
K07750.01,5894182,5.03,494.485085000,1.4140,527.7094100,3.90500,2.5530,12.088
K02753.01,6265792,1.05,0.935115863,1.0960,132.2019300,1.61720,1.2970,13.615
K00757.02,10910878,3.86,41.197255020,0.8010,165.0040400,4.62970,0.8480,15.841
K00759.01,11018648,3.36,32.628766720,0.8440,194.1019000,4.79710,0.7980,15.082
K02759.01,11076400,1.01,1.078084920,0.7830,132.0368300,0.85510,0.8140,14.288
K04759.01,7949593,1.54,17.766293800,1.0220,146.6886000,3.07900,0.9460,14.971
K07759.01,6043538,1.92,6.225337400,1.1470,133.0882000,4.38800,1.7260,14.918
K00775.01,11754553,2.00,16.384899880,0.6330,172.7278200,3.02490,0.6150,15.095
K02775.01,6346809,27.21,17.577045690,0.8190,137.7311600,2.02200,0.9010,14.940
K04775.01,8626325,2.75,16.449151500,1.4640,145.7441000,6.69600,2.7890,12.999
K07775.01,6278670,3.46,89.945828000,0.8910,133.5634000,2.28600,1.9240,13.640
K00775.02,11754553,2.16,7.877416300,0.6330,176.3759000,2.08050,0.6150,15.095
K00783.01,12020329,4.86,7.275040844,0.9860,169.9942170,7.53770,0.8670,15.080
K01783.01,10005758,10.52,134.478518900,0.9960,169.2814100,5.92880,1.3360,13.929
K02783.01,5709889,0.58,0.526887517,0.5150,131.8656100,0.89710,0.5190,14.694
K03783.01,9533489,72.16,197.145532700,1.6900,300.1769780,2.11450,1.9350,12.962
K06783.01,6867219,1.31,11.849635100,1.0140,140.3663000,3.31900,0.9290,15.472
K00784.01,12066335,1.93,19.271538920,0.5760,186.7709300,2.75940,0.5600,15.385
K01784.01,10158418,8.80,5.007414194,1.0340,135.0240660,1.35840,1.0420,13.592
K00799.01,3246984,32.43,1.626630225,0.8890,169.8201710,2.11450,0.9730,15.279
K04799.01,8278073,1.69,12.072975700,1.0460,142.4290000,3.78300,1.7070,14.216
K00804.01,3641726,2.57,9.029306890,0.8240,177.2042200,3.14490,0.8200,15.387
K01804.01,11187436,5.10,5.907414760,0.6670,133.9351100,1.01600,0.6900,15.625
K04804.01,10676750,2.08,21.086785570,0.9440,135.5636000,0.97800,0.8630,15.185
K00806.01,3832474,8.90,143.206304700,0.9860,154.2355200,8.93020,0.8670,15.403
K02806.01,7047824,2.10,24.754384900,0.7780,140.2073200,3.39000,0.8040,15.514
K00806.02,3832474,12.19,60.324942160,0.9860,243.8925780,6.61880,0.8670,15.403
K01806.02,9529744,2.80,17.934660600,1.1820,138.2167900,6.25000,1.7750,13.474
K03823.01,4820550,5.80,202.116817300,0.9640,292.0506400,4.68300,0.9170,13.922
K04823.01,11401253,1.51,4.965049810,0.9820,135.5539900,2.21200,2.0110,12.739
K00824.01,5164255,11.01,15.375623690,0.7930,173.6140200,3.31690,0.8330,16.422
K01824.01,2989404,1.62,3.553831111,0.9980,134.6406600,3.10290,1.0810,12.722
K00829.01,5358241,3.12,18.649327280,1.0260,174.7710000,4.40560,1.0530,15.386
K02829.01,6197215,1.77,10.613453330,1.0230,135.6898000,0.98290,1.3880,12.824
K04829.01,12401132,2.26,7.630545000,1.1550,907.0447100,3.63000,1.1790,14.120
K00829.03,5358241,4.02,38.557654600,1.0260,163.8506300,5.79400,1.0530,15.386
K00834.01,5436502,7.89,23.653694150,1.0830,171.3761070,8.21830,1.3840,15.084
K02834.01,5609593,2.35,136.205112000,0.7110,234.7260100,5.56800,0.6750,15.839
K04834.01,8233326,1.85,3.740991440,1.5540,132.2112000,5.42800,3.2310,13.096
K07834.01,7366501,1.00,7.381234400,1.0050,137.5646000,2.80200,0.9230,15.051
K00841.01,5792202,5.00,15.335286750,0.9260,174.0027800,3.89700,0.8170,15.855
K01841.01,11760231,2.12,49.607577100,0.8580,138.4151700,2.95750,0.7740,13.218
K02841.01,8758204,2.73,159.388788000,0.8120,226.9313000,8.43200,0.8740,15.822
K00841.02,5792202,6.50,31.330461350,0.9260,153.4303100,5.17600,0.8170,15.855
K00868.01,6867155,10.59,235.998639900,0.6660,208.3998220,8.22840,0.6570,15.172
K01868.01,6773862,1.93,17.760765240,0.5400,137.5077800,1.66790,0.5160,15.220
K02868.01,8884274,2.20,10.652750540,0.9130,136.0899400,2.68400,0.8170,15.970
K00869.02,6948054,3.03,36.276123800,0.8230,201.2869000,4.78650,0.7870,15.599
K00870.01,6949607,1.73,5.912273234,0.5860,172.1840120,2.32540,0.5700,15.036
K01870.01,10187159,2.44,7.964314920,0.8310,136.8164600,1.53420,0.9100,14.425
K07870.01,8182107,2.10,92.552007000,1.0970,221.5872000,2.13500,1.2200,14.452
K00870.02,6949607,1.65,8.985819010,0.5860,175.6841800,2.86060,0.5700,15.036
K00872.01,7109675,8.46,33.601233710,0.8820,186.6803430,4.40560,0.9300,15.262
K01872.01,9883311,11.26,30.523145900,0.8850,146.8507200,2.72860,0.7900,15.841
K00877.01,7287995,2.33,5.954899930,0.6400,170.9558710,2.38920,0.6330,15.019
K01877.01,10454632,1.75,20.160378580,0.8180,144.3428100,4.13000,0.7240,13.389
K02877.01,7019524,1.08,5.308739780,1.0110,134.2506100,3.01800,0.9550,14.699
K04877.01,9581589,0.99,5.192065710,1.1240,134.5614000,3.71600,1.0750,14.423
K00877.02,7287995,2.18,12.039874880,0.6400,181.2253600,2.73630,0.6330,15.019
K00880.01,7366258,3.91,26.444393370,0.9150,194.1207400,3.97830,0.9290,15.158
K01880.01,10332883,1.28,1.151166776,0.5610,133.2317660,1.09070,0.5350,14.440
K02880.01,9825174,1.22,0.740926358,0.8700,131.9116300,1.01630,0.8740,15.918
K07880.01,8308516,1.81,623.707740000,1.0390,303.3588000,6.68800,1.1320,13.379
K00880.02,7366258,5.51,51.539979720,0.9150,174.0550110,6.39940,0.9290,15.158
K00880.04,7366258,1.86,2.382951591,0.9150,135.0808410,1.88760,0.9290,15.158
K00883.01,7380537,12.04,2.688899233,0.6990,170.1020904,2.11275,0.6390,15.766
K01883.01,11758544,1.36,2.707306400,1.1330,132.4306800,3.43780,1.6290,11.894
K02883.01,5209845,2.10,11.954018760,0.6480,140.2622600,2.65600,0.6590,15.911
K00886.01,7455287,1.72,8.010784560,0.4840,170.2073900,2.31200,0.4700,15.847
K01886.01,9549648,2.75,5.991858270,1.1730,136.8824400,1.72150,1.6950,12.239
K02886.01,6129524,1.24,0.881842630,0.8710,131.6886900,1.31170,0.7760,15.919
K00898.01,7870390,2.23,9.770448600,0.5080,175.7137200,2.45170,0.5090,15.777
K01898.01,7668663,1.87,6.498014700,0.9460,136.0010800,2.43840,1.1040,13.250
K02898.01,11129258,2.44,25.384175000,1.0670,137.7732600,3.57600,0.9940,15.535
K00898.03,7870390,2.25,20.090170370,0.5080,147.9778800,4.15400,0.5090,15.777
K00902.01,8018547,4.78,83.924940320,0.5260,236.7633400,6.79040,0.5090,15.754
K00918.01,8672910,10.98,39.643155200,0.8440,206.5967980,6.52920,0.9000,15.011
K00935.01,9347899,5.50,20.860212290,0.9580,180.0177570,5.19370,1.2570,15.237
K02935.01,8259713,1.54,27.881315400,1.0480,134.5136900,6.34600,1.0550,13.603
K03935.01,5895158,1.29,1.093665854,0.9680,132.4721300,1.43990,0.8740,14.815
K00935.02,9347899,5.22,42.634278480,0.9580,141.1695400,6.19980,1.2570,15.237
K00937.01,9406990,2.74,20.834267310,0.9990,176.5856900,4.04540,0.8800,15.412
K01937.01,10190777,1.71,1.411230023,0.7260,132.6419250,1.43250,0.7370,13.590
K00952.01,9787239,1.94,5.901278150,0.5090,171.4067400,2.19790,0.4980,15.801
K01952.01,7747425,1.88,8.010392900,0.9570,135.3182300,4.27130,1.1110,14.601
K00952.02,9787239,1.83,8.752096910,0.5090,170.6367100,2.37420,0.4980,15.801
K01952.02,7747425,2.04,27.666637500,0.9570,143.8634300,6.31500,1.1110,14.601
K00952.04,9787239,1.23,2.896005211,0.5090,133.6122800,1.67760,0.4980,15.801
K01952.04,7747425,2.03,42.472907800,0.9570,146.2871200,7.25300,1.1110,14.601
K01024.01,2715135,1.86,5.747711909,0.6370,133.2993900,1.89230,0.6320,14.496
K01059.01,6060203,1.14,1.022678654,0.8750,133.4542200,1.37120,1.0200,14.803
K01061.01,6037187,2.02,41.805954400,0.9610,142.8191900,6.05700,0.9730,14.502
K01102.01,3231341,4.12,12.333438530,0.8840,137.5878200,6.22100,1.2400,14.925
K01102.02,3231341,3.43,8.145159810,0.8840,140.5681100,5.07300,1.2400,14.925
K01103.01,2860866,7.12,90.124050700,1.2790,356.2341500,11.64900,1.2150,14.960
K01162.01,10528068,3.08,158.685002200,0.8520,173.9499300,11.53720,1.0340,12.783
K01203.01,3962243,3.70,31.884147300,1.0370,160.2069600,6.12200,0.9740,15.368
K01215.01,3939150,3.14,17.324191080,1.1790,142.0997700,8.04500,1.8570,13.420
K01241.01,6448890,11.64,21.405442200,1.3810,147.0898100,11.72100,4.3610,12.440
K01258.01,8630788,5.30,36.337504530,0.9840,160.3980600,7.06000,0.8840,15.773
K01270.01,8564587,2.41,5.729317577,0.8820,138.5599710,1.18160,0.7860,14.809
K01270.02,8564587,1.71,11.609085330,0.8820,133.9932400,2.26030,0.7860,14.809
K01278.01,8609450,2.16,24.805677500,0.7930,145.0752600,6.14800,0.8720,15.204
K01278.02,8609450,2.45,44.347193600,0.7930,161.3173800,6.43000,0.8720,15.204
K01302.01,10724369,3.13,55.639188200,1.0500,187.5504400,7.31600,0.9620,14.755
K01307.01,10973814,3.35,44.852099700,0.9260,172.4619600,3.57290,1.0710,14.775
K01314.01,10585852,4.26,8.575049830,1.2680,140.1406300,8.65300,3.4640,13.242
K01336.01,4077526,2.33,10.218645320,1.0170,136.8622000,3.80200,1.0830,14.820
K01336.02,4077526,2.94,15.573637000,1.0170,132.4428200,5.32600,1.0830,14.820
K01353.01,7303287,12.37,125.865401910,0.9980,236.6597310,9.01910,1.1150,13.956
K01366.01,6932987,3.04,19.254040230,1.0380,164.7842400,4.65090,0.9410,15.368
K01426.01,11122894,2.81,38.868489560,0.8460,171.3036900,6.05730,0.8970,14.232
K01426.02,11122894,6.39,74.927686530,0.8460,124.9926600,4.74000,0.8970,14.232
K01426.03,11122894,32.60,150.018951100,0.8460,224.6857140,4.38230,0.8970,14.232
K01429.01,11030711,4.68,205.912735000,0.9810,252.7412900,9.99200,0.9690,15.531
K01458.01,12120943,7.19,8.981284720,1.1330,354.8304200,5.03970,1.0220,15.703
K01473.01,7499398,7.58,23.020284780,1.0460,357.7861240,3.54400,0.9560,15.573
K01474.01,12365184,11.65,69.726466390,1.3980,196.0932430,3.71770,1.7310,13.005
K01476.01,12406749,5.04,56.358798700,0.8240,222.3181900,6.92700,0.8210,15.792
K01477.01,7811397,9.06,169.497608500,0.9000,228.9999700,7.77000,0.7870,15.917
K01478.01,12403119,4.78,76.136222220,0.9040,199.4762370,7.93930,0.8920,12.450
K01525.02,7869917,2.87,11.806173700,1.7140,138.2641000,4.47200,2.5990,12.082
K01527.01,7768451,3.64,192.667139000,0.8630,162.8796200,5.44300,0.8780,14.879
K01529.01,9821454,1.58,17.977603700,1.0660,147.7515000,4.60500,1.0060,14.307
K01529.02,9821454,1.09,11.869314400,1.0660,137.7210000,4.65300,1.0060,14.307
K01546.01,5475431,11.92,0.917568975,1.0100,133.9324190,2.06540,0.8930,14.456
K01557.01,5371776,2.81,3.295701024,0.7600,133.9663330,1.82680,0.6910,14.840
K01573.01,5031857,4.22,24.810972060,1.0030,156.5069710,3.22450,0.9210,14.373
K01573.02,5031857,1.38,7.136922000,1.0030,131.7531700,2.80050,0.9210,14.373
K01574.01,10028792,12.28,114.736580000,0.9690,165.1506710,12.03550,1.6990,14.600
K01576.02,5299459,2.71,13.084242860,0.9470,132.6312900,3.04010,0.9870,14.072
K01581.01,7939330,3.15,29.542256600,0.8770,137.5783700,13.90200,0.8030,15.481
K01582.01,4918309,11.32,186.436181100,0.9260,146.9182500,5.77400,1.3700,15.402
K01589.02,5301750,3.15,12.882913950,0.9870,135.1873600,5.67600,1.1310,14.764
K01598.01,10004738,3.22,56.475806900,0.9520,143.8112800,5.96100,0.8390,14.279
K01599.02,5474613,22.29,13.616454700,1.0200,140.9326300,5.17500,0.9720,14.802
K01601.02,5438757,2.75,62.922493600,0.9260,151.6882000,11.64000,1.0800,14.659
K01628.01,6975129,2.62,19.747339830,1.2260,147.1055300,3.44440,1.1490,12.949
K01675.01,5360920,21.92,14.623996210,0.9070,144.4552700,2.19300,0.8150,15.789
K01707.01,7703955,4.01,96.109323000,0.8750,187.6990000,9.87700,1.0050,15.321
K01720.01,10015937,3.59,59.658534800,0.8870,168.0876400,5.51400,0.8310,15.742
K01781.01,11551692,3.47,7.834433676,0.8220,135.2221430,2.89000,0.7200,12.231
K01781.03,11551692,3.46,58.019858300,0.8220,151.8500700,5.34800,0.7200,12.231
K01783.02,10005758,6.36,284.063137000,0.9960,200.8361900,8.29700,1.3360,13.929
K01802.01,11298298,2.84,5.248667607,1.0210,135.5167080,1.91700,1.0120,13.345
K01804.01,11187436,5.10,5.907414760,0.6670,133.9351100,1.01600,0.6900,15.625
K01805.01,4644952,2.96,6.941358240,0.8750,137.5437000,1.88990,0.8800,13.828
K01809.02,8240797,1.46,4.915385452,1.0220,132.6944800,2.77570,0.9560,12.706
K01814.01,5621125,17.38,14.800750820,2.6460,132.8217900,5.76200,7.6630,12.538
K01830.01,3326377,2.22,13.227140560,0.8250,142.2025100,3.28610,0.8000,14.443
K01831.01,11601584,2.60,51.809827600,0.8440,182.9733500,6.34300,0.8260,14.122
K01832.03,11709244,2.62,38.714961700,0.9190,134.0313000,3.44100,0.9370,15.009
K01838.01,5526527,2.73,16.736475500,0.6460,143.1360600,2.15100,0.6530,14.786
K01840.01,7765528,4.67,7.039329130,1.0640,133.8543300,3.51400,1.2400,14.915
K01841.01,11760231,2.12,49.607577100,0.8580,138.4151700,2.95750,0.7740,13.218
K01848.01,7430034,3.33,49.622066900,1.0970,137.1014900,7.22200,1.1840,13.429
K01854.01,9662811,2.50,43.034336400,0.9060,137.6900700,6.57100,0.9110,13.534
K01856.01,11570749,4.33,46.299105200,0.8980,155.8022300,5.24810,1.5070,14.082
K01873.01,4939346,4.94,71.311659800,1.1610,132.3923900,8.81300,1.0690,15.674
K01889.02,11074178,2.17,9.181891220,0.9380,132.4050500,4.34300,0.8460,15.338
K01890.01,7449136,1.75,4.336435060,1.2750,133.8544200,4.14450,1.6030,11.704
K01897.01,5695524,3.17,59.771143300,1.1010,148.9688600,4.84300,1.1220,13.952
K01907.01,7094486,1.75,11.350106420,0.5220,134.0461200,2.27920,0.5140,15.278
K01914.01,8426567,4.41,18.930551190,0.9550,143.2505800,3.37200,1.6430,14.417
K01915.02,9101496,2.65,67.844689000,1.2120,149.5007000,11.75700,1.8120,13.996
K01934.01,4242147,2.11,28.782709550,0.7700,132.3189000,3.45100,0.7450,14.649
K01944.01,2438513,2.59,12.184200060,0.9840,139.0564400,2.50140,1.0680,13.982
K01955.02,9892816,2.80,39.457622800,1.2470,136.4739800,9.55700,1.3690,13.147
K01955.04,9892816,2.76,26.234744700,1.2470,141.9937900,3.53600,1.3690,13.147
K01958.01,9836149,3.12,17.815968900,0.9680,134.4832000,3.67650,0.9330,15.200
K01973.01,4917596,1.49,3.290114076,0.5800,133.1570900,1.51510,0.5940,15.753
K01977.01,9412760,1.69,9.387406460,0.7100,137.3838300,1.61650,0.6460,14.028
K01981.01,10153855,1.61,1.063788610,0.9190,131.5246500,1.07200,1.0020,14.229
K02001.01,6061773,2.46,8.277457640,0.8870,138.2566700,2.71300,1.7810,13.115
K02013.01,4056616,0.97,2.414348680,0.7150,132.4287800,1.27010,0.7240,13.156
K02025.01,4636578,3.29,17.848508350,1.1110,148.3911700,5.89190,1.4650,13.781
K02038.01,8950568,1.69,8.305377020,0.8700,139.7437000,3.75100,0.8730,14.779
K02038.02,8950568,1.88,12.513533250,0.8700,139.4246100,4.30100,0.8730,14.779
K02042.01,9111849,17.80,63.073224100,2.3820,191.2532000,5.39700,6.3540,13.089
K02079.01,9473078,0.83,0.693842661,0.9030,132.1815700,1.61970,1.1960,12.953
K02086.01,6768394,1.64,7.132947200,0.9730,135.9925900,4.36800,1.3070,13.959
K02086.02,6768394,1.84,8.919012280,0.9730,140.0777000,4.14100,1.3070,13.959
K02086.03,6768394,1.69,11.898494800,0.9730,133.3468500,3.01500,1.3070,13.959
K02092.01,6696580,5.14,57.689621200,1.1070,139.9275300,5.11800,1.0490,15.886
K02092.02,6696580,4.00,25.563862600,1.1070,375.2781100,4.68500,1.0490,15.886
K02092.03,6696580,29.77,77.086191000,1.1070,202.7483000,4.77000,1.0490,15.886
K02094.01,8505920,3.44,42.426964700,0.8690,156.1719400,5.90700,1.0130,15.001
K02106.01,12017109,1.87,9.753740330,0.9960,134.0601400,2.34800,0.8990,15.158
K02124.01,11462341,1.45,42.337579900,0.5930,158.2518700,4.92400,0.5810,14.275
K02126.01,3546060,2.12,9.693108370,0.6070,134.5300300,2.73400,0.6180,15.914
K02150.01,3229150,29.33,18.508452600,1.0280,131.5455500,6.59600,0.9380,15.253
K02179.01,10670119,1.59,14.871497730,0.5610,137.6957300,2.40760,0.5240,15.673
K02199.01,11705004,1.96,9.033264350,0.8840,137.1773800,2.85700,0.7880,15.901
K02253.01,8959839,1.72,22.708237500,1.0630,133.7211400,3.50300,0.9920,14.574
K02274.01,7960980,2.48,9.989702660,0.9100,133.7610200,3.70000,0.8100,15.909
K02291.01,8410415,2.68,44.299348300,0.8780,141.2819400,4.29800,0.9150,15.115
K02300.01,10583761,1.46,2.685054445,0.7650,132.6044300,1.04730,0.8290,14.077
K02310.01,11718144,1.82,16.458186100,0.9460,134.0196900,1.96370,0.8840,14.640
K02353.01,12505654,2.40,5.186737262,0.8730,134.9950900,0.80230,0.7770,14.988
K02354.01,7215678,40.32,1.151244686,1.0030,132.6455100,1.27200,0.9210,14.519
K02367.01,9086251,1.35,6.892132440,1.2860,131.6317900,1.72500,1.4460,12.618
K02386.01,4172013,28.42,16.270720700,1.1700,145.0970000,5.70700,1.2440,14.940
K02433.01,11968463,3.12,15.162228700,1.1570,144.4740000,7.33200,1.1120,15.212
K02445.01,6516185,11.97,47.365932800,0.9020,175.0355000,7.92900,0.9020,15.817
K02480.01,8189801,1.49,0.666826540,0.5560,133.0412020,0.78470,0.5540,15.745
K02486.01,8074328,1.42,4.267961416,1.0480,134.0706300,1.34270,1.2370,13.047
K02522.01,9177629,1.25,5.604023070,0.7560,133.8250800,1.02730,0.7370,13.713
K02577.01,12257999,20.83,18.555815650,2.7340,132.0710500,5.37200,8.8410,13.506
K02582.01,11771430,2.01,40.030626700,1.1610,148.8588200,4.81500,1.3730,13.628
K02610.01,2305866,2.74,24.107317200,1.5020,145.9415000,10.46500,2.5170,12.605
K02610.02,2305866,4.02,115.230655000,1.5020,176.6440000,17.73500,2.5170,12.605
K02613.01,9712350,2.41,51.573865300,0.9240,158.0674400,2.78400,0.8130,15.960
K02666.01,5342061,3.47,64.034363000,0.8140,159.0432000,9.17400,0.7830,15.341
K02672.01,11253827,4.70,88.512201400,0.9180,182.6726600,6.82140,0.9450,11.921
K02672.02,11253827,3.32,42.992328400,0.9180,162.5053200,4.72600,0.9450,11.921
K02681.01,6878240,6.01,135.497825600,0.7820,233.6923000,6.76900,0.7570,15.996
K02686.01,7826659,3.43,211.032819000,0.7430,279.1289100,7.11900,0.6860,13.855
K02687.01,7202957,0.74,1.716828304,0.9870,132.0320400,2.06800,0.9020,10.158
K02687.02,7202957,1.03,8.167338510,0.9870,136.2035600,3.33700,0.9020,10.158
K02691.01,4552729,3.05,97.446319400,0.7300,204.8300900,6.76500,0.6860,14.981
K02694.02,9475552,1.83,6.566069410,0.8090,134.4951200,1.84550,0.8560,14.975
K02695.01,5196864,20.23,2.503432790,0.7820,131.9452200,1.53400,0.8400,15.601
K02700.01,8639908,1.12,0.910020582,0.5500,131.9923900,1.79560,0.5330,15.381
K02705.01,11453592,1.24,2.886762400,0.4150,131.6659200,0.98790,0.3890,14.717
K02706.01,9697131,1.75,3.097568970,1.3740,131.5588900,4.58800,1.8850,10.268
K02707.03,5480640,2.69,26.675781800,0.9020,149.9952700,2.69600,1.1520,14.467
K02712.01,11098013,1.77,7.507900410,1.3290,138.7047000,5.64600,1.3370,11.125
K02720.01,8176564,1.26,6.571594350,1.0290,132.7459800,3.10440,1.4320,10.338
K02728.01,4178606,6.30,42.352003900,1.5350,131.6124600,7.77300,2.6320,12.852
K02775.01,6346809,27.21,17.577045690,0.8190,137.7311600,2.02200,0.9010,14.940
K02833.01,9109857,1.48,1.791877025,1.1560,132.8762000,1.16600,2.1390,12.599
K02851.02,6697605,1.50,1.239357450,0.8770,131.8525400,1.68300,0.9660,15.472
K02931.01,8611257,2.17,99.253233600,0.7980,148.5306700,7.20800,0.7150,14.699
K02992.01,8509442,2.03,82.659517400,0.5720,152.6726000,3.48000,0.5530,15.995
K03194.01,12004971,1.46,10.813154170,1.3510,131.6593100,1.27500,1.4600,11.487
K03203.01,3122872,3.19,96.816470000,1.3800,136.5581300,10.22700,2.4670,11.816
K03220.01,11189311,4.63,81.416013800,1.3230,160.8638700,14.17500,1.4010,12.146
K03310.01,12253769,1.64,20.551272200,0.8940,141.0870000,4.63900,0.9180,13.550
K03345.01,11303322,1.54,38.130332400,1.1480,159.3878000,6.53000,1.1060,14.633
K03469.01,4844470,1.91,60.532988000,0.9460,134.5746100,7.08600,0.8470,14.196
K03481.01,8812045,3.68,32.715906000,1.5740,135.9204000,10.79000,3.1920,14.462
K03496.01,7517261,2.18,23.238558700,1.3330,143.5274000,8.43200,1.6850,13.932
K03680.01,9025971,11.49,141.241540500,0.9410,256.2053470,6.76450,1.0170,14.524
K03681.01,2581316,11.17,217.831842930,1.2100,238.8200350,21.30600,1.1670,11.690
K03794.01,12557548,22.95,0.653553610,0.6660,132.0589570,1.63000,0.6600,15.692
K03815.01,6507433,7.27,4.742552100,1.1500,133.1375500,1.11000,1.0530,15.432
K03878.02,4472818,1.42,15.357344500,1.0320,132.6016600,1.63400,0.9860,12.720
K04004.01,4814502,1.41,4.943305960,0.9640,135.5756800,2.93340,1.0080,12.697
K04007.01,8376848,25.01,11.492711200,1.0720,133.3086000,7.76400,1.0050,15.472
K04021.01,11967788,1.53,7.235313290,1.2200,133.1205400,3.33800,1.4210,13.166
K04066.01,8686373,4.59,126.557190000,1.4190,145.6973600,8.07900,1.8540,13.666
K04193.01,9092496,4.17,94.180473000,1.1550,200.2662000,7.34500,1.0000,14.848
K04222.01,9183378,1.63,3.385574450,0.9360,133.9741100,1.87900,1.4800,13.767
K04251.01,8741470,1.55,6.239683920,0.9560,133.7212400,0.66800,1.1430,13.795
K04252.01,10525049,0.72,15.571412100,0.5850,136.5852900,2.29400,0.5570,13.977
K04307.01,3558849,3.41,160.850075000,1.2250,144.5039000,9.42700,1.5070,14.218
K04405.01,10745365,1.39,8.917286300,1.0350,139.6051000,4.46800,0.9860,14.671
K04509.01,11350118,0.97,12.003678000,0.5800,134.7100700,2.79900,0.5940,15.675
K04643.01,11655826,1.43,5.593463750,1.0010,131.5075200,1.66800,0.9330,15.308
K05129.01,5131276,124.42,0.668827160,3.6860,131.8692000,1.06900,150.0910,11.598
K05220.01,5986270,18.39,1.534679933,2.0790,132.3311630,1.72370,8.8340,12.224
K05327.01,6776555,2.09,5.433613470,0.5670,136.7110000,1.03380,0.5660,15.808
K05341.01,7009548,2.26,15.185755820,1.0500,144.6398500,0.63300,1.3390,12.493
K05411.01,7672215,1.40,11.173440100,1.5520,142.5962000,4.54500,1.7520,13.335
K05459.01,8009811,3.10,53.554546000,1.4420,160.3983000,5.53300,2.6220,11.470
K05752.01,10004772,36.19,1.391716834,0.8850,132.0993700,1.42100,59.6840,13.710
K06130.01,5428657,1.05,1.542874340,0.5370,132.6169700,1.11210,0.5390,15.121
K06194.01,9145861,140.14,42.294739000,2.3510,133.8808000,34.63000,7.8490,12.057
K06263.01,2301068,3.33,8.609653520,1.8300,134.3882900,2.21800,4.2330,12.765
K06672.01,6187508,1.00,2.284943010,0.8450,132.9234300,1.01000,0.7890,15.181
K07404.01,11068630,1.39,1.817079849,1.0770,131.9050900,0.88900,0.9630,15.591
K07408.01,11092783,19.07,5.159981780,0.5550,132.6954500,3.35600,0.5340,15.949
K07445.01,11411639,1.30,6.933574000,0.8880,134.5580000,2.43000,0.7930,15.804
K07489.01,11904704,0.81,0.565713361,0.8550,131.6635700,0.95400,0.8810,14.722
