K07378.01,10843431,8.361459560931106,3.269133192389006,0.6320,136.5829000,3.86600,0.6280,0.439,45.22,4406.00,6531.0,7.974
K00117.01,10875245,14.583863052283018,2.8187033849684453,1.1130,138.7779900,6.09950,1.4020,0.6458,42.94,5847.00,5546.0,9.346
K00117.02,10875245,4.846522039500517,1.6580608146873206,1.1130,138.6054800,4.16540,1.4020,0.6458,42.94,5847.00,5546.0,9.346
K00117.03,10875245,3.144391159460441,1.4922547332185885,1.1130,133.4986300,3.57970,1.4020,0.6458,42.94,5847.00,5546.0,9.346
K00085.01,5866724,5.846130477624948,2.464542372881356,1.2310,132.0405280,4.01850,1.4240,0.9241,-26.07,6181.00,5984.0,7.4239999999999995
K00085.02,5866724,2.1498344606662254,1.3670508474576268,1.2310,133.4986130,3.13410,1.4240,0.9241,-26.07,6181.00,5984.0,7.4239999999999995
K00938.01,9415172,10.215894459734145,3.032171581769437,0.8670,171.7019200,3.38620,1.0130,8.071,-77.19,5344.00,5030.0,7.046
K00938.02,9415172,1.0739933814556013,1.4091823056300268,0.8670,133.9191200,1.89550,1.0130,8.071,-77.19,5344.00,5030.0,7.046
K00253.01,11752906,6.489046112873696,2.6456869009584665,0.5810,170.6046220,1.75040,0.5760,9.843,-11.83,3757.00,4819.0,10.6
K00116.01,8395660,13.432979290750657,2.513379011900469,0.9510,136.2791940,3.35390,1.0120,12.97,58.3,5854.00,7603.0,8.772
K00116.02,8395660,43.399182492507656,2.732347637937252,0.9510,151.9353800,6.80200,1.0120,12.97,58.3,5854.00,7603.0,8.772
K00116.03,8395660,6.102275218569042,0.7521096285611252,0.9510,135.6391600,3.26200,1.0120,12.97,58.3,5854.00,7603.0,8.772
K02220.01,6871071,3.262160015241516,1.8778811369509043,1.0240,131.8996500,3.25320,1.5150,15.93,75.9,5640.00,5888.0,8.023
K02220.02,6871071,4.996565129446087,2.1296640826873383,1.0240,134.1089100,3.52600,1.5150,15.93,75.9,5640.00,5888.0,8.023
K02220.03,6871071,1.8858951961489332,1.8149354005167957,1.0240,132.6785000,2.71140,1.5150,15.93,75.9,5640.00,5888.0,8.023
K00584.01,9146018,10.051512726616405,2.639563636363636,0.9470,175.6867100,3.84280,0.9820,16.85,-45.03,5475.00,6592.0,3.741
K00584.02,9146018,21.490298937633376,2.5152363636363635,0.9470,170.3738700,4.94160,0.9820,16.85,-45.03,5475.00,6592.0,3.741
K00941.01,9480189,6.6054656304440655,4.585100917431192,0.8680,174.7878140,3.08960,0.9730,18.75,-25.16,5188.00,5212.0,9.515
K00941.02,9480189,2.3913372844208736,2.7550825688073397,0.8680,170.6662600,1.88880,0.9730,18.75,-25.16,5188.00,5212.0,9.515
K00581.01,8822216,7.143875207063577,3.3153474903474907,1.0100,175.9142810,2.73740,0.8930,21.73,-12.55,5713.00,4799.0,10.9
K01839.01,5856571,9.772764052826599,3.908122469635628,0.8190,132.6826400,3.45200,1.6730,21.95,-1.535,5476.00,6310.0,8.286
K00993.01,1718189,22.580666792198762,1.8240023823704585,0.9700,144.3203100,3.43900,0.8760,23.94,-57.97,5830.00,4622.0,9.017000000000001
K00584.01,9146018,10.03714658169985,2.670640176600441,0.9470,175.6867100,3.84280,0.9820,24.05,31.49,5475.00,4672.0,11.11
K00584.02,9146018,21.459583884363774,2.544849153789551,0.9470,170.3738700,4.94160,0.9820,24.05,31.49,5475.00,4672.0,11.11
K00584.01,9146018,10.398800925462973,2.6434085943190087,0.9470,175.6867100,3.84280,0.9820,29.56,-4.6819999999999995,5475.00,6383.0,9.255
K00584.02,9146018,22.232806798262366,2.518900218499635,0.9470,170.3738700,4.94160,0.9820,29.56,-4.6819999999999995,5475.00,6383.0,9.255
K00408.02,5351250,12.954354418650135,2.823460790667531,0.8990,166.7948300,3.76470,0.9140,39.8,-69.11,5559.00,6067.0,10.45
K00408.01,5351250,7.613171353987671,3.524173687621516,0.8990,173.0726590,3.11520,0.9140,39.8,-69.11,5559.00,6067.0,10.45
K00408.03,5351250,31.79152580510132,3.2768632534024627,0.8990,153.0150300,5.91400,0.9140,39.8,-69.11,5559.00,6067.0,10.45
K00301.01,3642289,5.896021270788253,2.292609797297297,1.2570,171.7141900,4.16280,1.3600,40.35,-20.5,6204.00,5728.0,8.703
K00723.01,10002866,4.034334985919575,3.2422745548535326,0.9450,169.6505920,1.88700,0.8430,41.12,-71.28,5431.00,4216.0,12.04
K00723.02,10002866,28.776181567441196,3.5028144744399774,0.9450,194.9169600,4.52880,0.8430,41.12,-71.28,5431.00,4216.0,12.04
K00834.01,5436502,24.20894703997011,7.763151125401929,1.0830,171.3761070,8.21830,1.3840,41.99,-39.89,5739.00,5861.0,9.033
K00834.02,5436502,13.544169236648894,3.0108038585209007,1.0830,140.3219600,6.73720,1.3840,41.99,-39.89,5739.00,5861.0,9.033
K00834.03,5436502,6.300101051857858,2.282700964630225,1.0830,134.8165600,4.98430,1.3840,41.99,-39.89,5739.00,5861.0,9.033
K00834.04,5436502,2.1398915464253516,1.5939549839228297,1.0830,134.1746200,3.38800,1.3840,41.99,-39.89,5739.00,5861.0,9.033
K00567.01,7445445,10.705193191939271,2.6093597903406964,0.8770,169.9311500,3.38120,0.8480,42.3,-53.66,5788.00,6081.0,9.183
K00567.02,7445445,20.33649056100832,2.1349307375514788,0.8770,176.8028000,4.50380,0.8480,42.3,-53.66,5788.00,6081.0,9.183
K00250.01,9757613,11.945530238990097,2.9304427369191366,0.5370,170.3980900,2.70960,0.5370,46.66,-61.4,3879.00,4667.0,11.55
K00250.02,9757613,16.777247160901062,2.7336992316136115,0.5370,149.8864790,2.03710,0.5370,46.66,-61.4,3879.00,4667.0,11.55
K00250.03,9757613,3.4465526230349606,1.2529454811562384,0.5370,136.2607500,1.87170,0.5370,46.66,-61.4,3879.00,4667.0,11.55
K01082.01,10141900,6.374156027910946,1.7005487804878048,0.8000,135.2665700,2.59100,0.8430,46.76,-26.17,4999.00,5458.0,8.734
K01082.02,10141900,4.015341842523208,1.4459756097560974,0.8000,133.0983300,2.19000,0.8430,46.76,-26.17,4999.00,5458.0,8.734
K01082.03,10141900,1.172792486551506,1.2728658536585367,0.8000,132.5336300,1.25920,0.8430,46.76,-26.17,4999.00,5458.0,8.734
K00567.01,7445445,10.402951854097635,2.6410003789314143,0.8770,169.9311500,3.38120,0.8480,47.9,-9.823,5788.00,5916.0,7.646
K00567.02,7445445,19.762327348447972,2.160818491852975,0.8770,176.8028000,4.50380,0.8480,47.9,-9.823,5788.00,5916.0,7.646
K00521.01,8162789,10.023922246268889,4.490721649484536,0.9990,172.0007360,3.16270,1.0600,48.44,-68.31,6032.00,7464.0,7.313
K00605.01,4832837,2.704385535707303,1.789206167904055,0.5750,169.7189130,1.82890,0.5570,49.09,-49.32,3939.00,4312.0,11.56
K00148.01,5735762,4.544955851357627,1.826307363927428,0.8560,124.0614650,2.73610,0.8730,51.24,44.55,5192.00,5000.0,9.095
K00148.02,5735762,9.202110941265573,2.596318036286019,0.8560,125.3394180,3.26410,0.8730,51.24,44.55,5192.00,5000.0,9.095
K00939.01,9466668,3.2446997206152424,2.038742964352721,0.9490,170.5336000,2.68490,1.2500,52.17,-85.44,5553.00,4547.0,11.58
K00939.02,9466668,5.592104461064081,1.9904315196998128,0.9490,132.0926100,3.19150,1.2500,52.17,-85.44,5553.00,4547.0,11.58
K00939.03,9466668,1.5519220609404143,1.5169793621013137,0.9490,132.0638800,2.18880,1.2500,52.17,-85.44,5553.00,4547.0,11.58
K00341.01,10878263,7.370855414016796,2.627035600986958,0.8840,176.6668440,2.92250,0.9410,52.33,-45.37,5497.00,4935.0,8.908999999999999
K02250.01,5942808,2.9247625473124614,3.171140939597316,0.7900,136.1841500,1.50430,0.8230,53.4,32.76,4922.00,6668.0,8.093
K00168.01,11512246,10.938960128385494,3.0741666666666663,1.0360,133.2867000,6.06330,1.5180,54.98,-42.39,5761.00,5636.0,9.208
K00168.02,11512246,15.553898893622963,2.180046296296296,1.0360,147.5798300,6.07650,1.5180,54.98,-42.39,5761.00,5636.0,9.208
K00370.01,8494142,44.396597028623134,3.6311228754527725,1.2400,203.6483000,9.74710,1.7630,56.04,-67.9,6143.00,5212.0,10.44
K00232.01,4833421,12.205984991933208,5.411603375527426,0.9950,134.0032580,5.00660,1.1910,56.72,-48.68,6038.00,6124.0,7.956
K00232.02,4833421,5.645893261207408,2.1742194092827005,0.9950,134.0172500,3.83140,1.1910,56.72,-48.68,6038.00,6124.0,7.956
K00232.03,4833421,21.137249120026098,2.088016877637131,0.9950,142.9672800,4.49680,1.1910,56.72,-48.68,6038.00,6124.0,7.956
K00232.04,4833421,37.2037006480442,2.28915611814346,0.9950,162.9798400,6.77510,1.1910,56.72,-48.68,6038.00,6124.0,7.956
K00500.01,4852528,7.27159385928849,2.0921973094170405,0.5840,176.4741460,2.39820,0.5670,58.68,-36.95,4041.00,7194.0,8.041
K00500.02,4852528,9.81601562792023,2.0921973094170405,0.5840,177.4848390,2.35690,0.5670,58.68,-36.95,4041.00,7194.0,8.041
K00500.03,4852528,3.167125034477367,1.2591928251121076,0.5840,134.0300170,1.87320,0.5670,58.68,-36.95,4041.00,7194.0,8.041
K00500.04,4852528,4.788998697291717,1.2882511210762333,0.5840,134.5893900,2.02710,0.5670,58.68,-36.95,4041.00,7194.0,8.041
K00246.01,11295426,5.5623153559070975,2.131863814927979,0.9970,173.8586660,3.43030,1.1980,59.04,-63.71,5790.00,5445.0,11.09
K00938.01,9415172,10.3790225149794,3.2617159336697914,0.8670,171.7019200,3.38620,1.0130,61.5,-62.56,5344.00,5140.0,11.32
K00938.02,9415172,1.091142976369064,1.5158615717375632,0.8670,133.9191200,1.89550,1.0130,61.5,-62.56,5344.00,5140.0,11.32
K00159.01,8972058,8.606903198591157,2.7621157969978554,1.0320,136.7392300,4.24470,1.1710,61.82,40.32,5881.00,4508.0,11.08
K00111.01,6678383,11.199735977008523,2.3886245674740487,0.9130,137.6137110,4.60740,1.0050,62.02,-2.932,5979.00,4804.0,8.908999999999999
K00111.02,6678383,23.196503826894965,2.358131487889273,0.9130,132.7142100,5.82970,1.0050,62.02,-2.932,5979.00,4804.0,8.908999999999999
K00262.01,11807274,8.12901315968948,1.7209756097560975,1.1870,172.6138000,4.09800,1.5430,63.53,-60.6,6237.00,4330.0,11.61
K00168.01,11512246,10.36540757585486,3.0628228782287823,1.0360,133.2867000,6.06330,1.5180,64.31,-70.39,5761.00,5808.0,11.25
K00168.02,11512246,14.738375451948482,2.17200184501845,1.0360,147.5798300,6.07650,1.5180,64.31,-70.39,5761.00,5808.0,11.25
K00707.02,9458613,39.697969609147506,4.102594339622641,1.1000,172.5748100,9.80520,1.6940,64.59,-63.44,5900.00,4037.0,13.02
K00707.01,9458613,21.06958982533287,4.981721698113207,1.1000,189.6382800,7.95880,1.6940,64.59,-63.44,5900.00,4037.0,13.02
K00707.03,9458613,30.754170748339924,3.71535966981132,1.1000,135.8710500,8.80770,1.6940,64.59,-63.44,5900.00,4037.0,13.02
K00707.04,9458613,12.748333212372719,2.951356132075471,1.1000,143.6789000,6.66770,1.6940,64.59,-63.44,5900.00,4037.0,13.02
K00864.01,6849310,4.454051105984016,3.174914611005693,0.9560,173.5764830,2.72510,0.9270,64.83,-65.21,5527.00,6457.0,9.377
K00864.02,6849310,20.712030970734695,2.7461480075901332,0.9560,188.0882100,4.55600,0.9270,64.83,-65.21,5527.00,6457.0,9.377
K00238.01,7219825,16.488237684417626,2.6758679958748712,1.0130,135.0922000,4.55680,1.2160,65.5,-66.21,6086.00,6457.0,10.44
K00238.02,7219825,25.54249700266773,1.3427294602956341,1.0130,143.9999000,4.57600,1.2160,65.5,-66.21,6086.00,6457.0,10.44
K00416.01,6508221,18.33789973669883,3.017808672624958,0.8260,185.8430600,3.79650,0.7380,66.76,-64.82,5176.00,7145.0,9.564
K00416.02,6508221,88.88520878372765,2.900231711353856,0.8260,153.7797400,4.53900,0.7380,66.76,-64.82,5176.00,7145.0,9.564
K00222.01,4249725,6.532420307901258,1.9656019656019654,0.5910,132.6544180,2.74550,0.5710,67.29,-46.78,4090.00,5559.0,9.642999999999999
K00941.01,9480189,6.639024304265119,4.468669527896995,0.8680,174.7878140,3.08960,0.9730,67.3,-66.82,5188.00,6683.0,6.428999999999999
K00941.02,9480189,2.4034863307430796,2.6851216022889846,0.8680,170.6662600,1.88880,0.9730,67.3,-66.82,5188.00,6683.0,6.428999999999999
K00117.01,10875245,14.375066444654388,2.8203214695752012,1.1130,138.7779900,6.09950,1.4020,68.16,-60.12,5847.00,7295.0,8.222999999999999
K00117.02,10875245,4.777134569457956,1.659012629161883,1.1130,138.6054800,4.16540,1.4020,68.16,-60.12,5847.00,7295.0,8.222999999999999
K00117.03,10875245,3.0993730319040376,1.4931113662456947,1.1130,133.4986300,3.57970,1.4020,68.16,-60.12,5847.00,7295.0,8.222999999999999
K00457.01,7440748,5.067968745809419,2.051792114695341,0.8270,174.2993220,1.88060,0.7990,68.45,-71.91,5076.00,6012.0,11.47
K00250.01,9757613,12.56220207480807,2.8695449659620205,0.5370,170.3980900,2.70960,0.5370,69.69,-67.74,3879.00,6761.0,10.64
K00250.02,9757613,17.64334984531061,2.676890003582945,0.5370,149.8864790,2.03710,0.5370,69.69,-67.74,3879.00,6761.0,10.64
K00250.03,9757613,3.6244762388785636,1.2269079183088496,0.5370,136.2607500,1.87170,0.5370,69.69,-67.74,3879.00,6761.0,10.64
K00313.01,7419318,19.308532732769937,2.0870799810695693,0.8140,177.6343720,3.03560,0.7950,70.23,-63.04,5188.00,5861.0,10.3
K00157.01,6541920,13.264181507269711,2.92056338028169,0.9210,138.1761570,4.57060,1.0460,71.58,-64.24,5657.00,4630.0,11.6
K00157.02,6541920,23.103883926795607,3.2450704225352114,0.9210,148.4554350,5.49210,1.0460,71.58,-64.24,5657.00,4630.0,11.6
K00157.03,6541920,32.58323453563501,4.178028169014085,0.9210,154.1607450,4.28170,1.0460,71.58,-64.24,5657.00,4630.0,11.6
K00157.04,6541920,47.54316515589679,2.5554929577464787,0.9210,225.0460400,6.37940,1.0460,71.58,-64.24,5657.00,4630.0,11.6
K00157.05,6541920,120.55311174768433,3.447887323943662,0.9210,287.2874400,9.55740,1.0460,71.58,-64.24,5657.00,4630.0,11.6
K00157.01,6541920,12.72684782280417,2.7365225998020453,0.9210,138.1761570,4.57060,1.0460,71.81,-72.79,5657.00,4864.0,12.84
K00157.02,6541920,22.167942642439296,3.040580666446717,0.9210,148.4554350,5.49210,1.0460,71.81,-72.79,5657.00,4864.0,12.84
K00157.03,6541920,31.26328354919518,3.914747608050148,0.9210,154.1607450,4.28170,1.0460,71.81,-72.79,5657.00,4864.0,12.84
K00157.04,6541920,45.61718547216203,2.39445727482679,0.9210,225.0460400,6.37940,1.0460,71.81,-72.79,5657.00,4864.0,12.84
K00157.05,6541920,115.6694898164203,3.230616958099637,0.9210,287.2874400,9.55740,1.0460,71.81,-72.79,5657.00,4864.0,12.84
K00314.01,7603200,13.35573638579395,1.468608885651857,0.5050,177.8527850,2.31880,0.5030,72.18,-75.66,3846.00,5834.0,6.745
K00314.02,7603200,22.376371631049395,1.28244719592134,0.5050,171.0076340,1.70120,0.5030,72.18,-75.66,3846.00,5834.0,6.745
K00459.01,7977197,19.07020363555553,3.13735803945009,0.8750,170.1023800,3.62270,0.9540,73.1,-61.7,5815.00,6152.0,8.728
K00416.01,6508221,17.738714581376737,3.0904406779661016,0.8260,185.8430600,3.79650,0.7380,73.73,-61.11,5176.00,5000.0,11.9
K00416.02,6508221,85.98091230508945,2.9700338983050845,0.8260,153.7797400,4.53900,0.7380,73.73,-61.11,5176.00,5000.0,11.9
K00262.01,11807274,7.501629570616727,1.6137221269296738,1.1870,172.6138000,4.09800,1.5430,74.38,-63.91,6237.00,5212.0,10.88
K00295.01,11547513,5.215858678789955,1.997664543524416,0.9660,171.8756190,2.93310,1.0540,75.77,-60.1,5923.00,5000.0,11.9
K00082.01,10187017,16.699725953604908,2.4157109190887667,0.8060,134.7548770,3.72360,0.7410,75.8,-68.83,4900.00,6194.0,11.01
K00082.02,10187017,10.665605252598532,1.305263157894737,0.8060,134.0799100,3.18180,0.7410,75.8,-68.83,4900.00,6194.0,11.01
K00082.03,10187017,28.39571138239369,0.9253731343283582,0.8060,145.0286600,3.74700,0.7410,75.8,-68.83,4900.00,6194.0,11.01
K00082.04,10187017,7.314021645510386,0.613668499607227,0.8060,139.9876300,2.75700,0.7410,75.8,-68.83,4900.00,6194.0,11.01
K00082.05,10187017,5.468345624913681,0.49677926158680286,0.8060,135.8542700,2.57900,0.7410,75.8,-68.83,4900.00,6194.0,11.01
K00935.01,9347899,21.703164926876163,5.338863395693611,0.9580,180.0177570,5.19370,1.2570,76.91,-58.76,6035.00,6109.0,10.18
K00935.02,9347899,44.3571122156498,5.067066713731027,0.9580,141.1695400,6.19980,1.2570,76.91,-58.76,6035.00,6109.0,10.18
K00935.03,9347899,91.18941070116946,3.882809742322626,0.9580,134.9422200,8.87100,1.2570,76.91,-58.76,6035.00,6109.0,10.18
K00939.01,9466668,3.2256537088849075,2.0493163602074493,0.9490,170.5336000,2.68490,1.2500,77.79,-70.32,5553.00,5623.0,9.689
K00939.02,9466668,5.559279455259696,2.000754361150401,0.9490,132.0926100,3.19150,1.2500,77.79,-70.32,5553.00,5623.0,9.689
K00939.03,9466668,1.542812458104306,1.524846770391325,0.9490,132.0638800,2.18880,1.2500,77.79,-70.32,5553.00,5623.0,9.689
K00123.01,5094751,6.481266166770661,2.557114546175188,1.0090,122.9776570,3.78400,1.3020,78.22,-29.67,5945.00,5943.0,9.464
K00085.01,5866724,5.848892760467001,2.608917197452229,1.2310,132.0405280,4.01850,1.4240,78.79,-61.64,6181.00,8356.0,9.829
K00085.02,5866724,2.1508502523709567,1.4471337579617833,1.2310,133.4986130,3.13410,1.4240,78.79,-61.64,6181.00,8356.0,9.829
K01127.01,6359320,5.2621374522246915,2.153288364249578,1.0160,357.1261700,3.40450,0.9210,78.94,-67.96,5831.00,6324.0,9.777000000000001
K01127.02,6359320,8.029617032883895,1.3243676222596963,1.0160,358.6836700,3.72700,0.9210,78.94,-67.96,5831.00,6324.0,9.777000000000001
K00282.01,5088536,28.047792520915426,2.9630964297630964,0.9500,182.1034940,5.92910,1.1370,79.13,-64.82,5903.00,6442.0,10.21
K00282.02,5088536,8.623186001127667,1.0142142142142143,0.9500,139.0668900,3.28930,1.1370,79.13,-64.82,5903.00,6442.0,10.21
K00246.01,11295426,5.33233305249784,2.19905447996398,0.9970,173.8586660,3.43030,1.1980,79.21,-64.48,5790.00,5105.0,11.67
K00241.01,11288051,13.763088907520626,2.285174693106704,0.7150,131.7923700,3.98500,0.6510,79.36,-56.85,4983.00,5916.0,9.946
K00241.02,11288051,30.81996880072996,1.5684608120868742,0.7150,153.8450700,5.39400,0.6510,79.36,-56.85,4983.00,5916.0,9.946
K00892.01,7678434,10.30382552881867,3.150769230769231,0.8220,172.6172900,3.03500,0.8880,79.64,-75.84,5121.00,5834.0,11.8
K00343.01,10982872,4.7976815553274985,2.8113382899628254,1.0040,170.3357590,3.30610,1.2250,80.31,-69.12,5794.00,7816.0,9.751
K00343.02,10982872,2.0394363859652844,1.983271375464684,1.0040,170.4962040,2.52730,1.2250,80.31,-69.12,5794.00,7816.0,9.751
K00159.01,8972058,9.34952982201806,2.6778932778932774,1.0320,136.7392300,4.24470,1.1710,82.36,-58.02,5881.00,5598.0,12.41
K00317.01,8121310,22.37747301692189,3.0050741350906094,1.3240,206.3596500,7.33270,1.4030,82.64,-47.42,6336.00,6067.0,8.93
K00564.01,6786037,21.371737539283046,2.739043824701195,1.0180,171.9245700,7.16050,1.2470,83.03,-77.0,5751.00,4336.0,12.28
K00564.02,6786037,129.83879043007227,7.99800796812749,1.0180,246.4640100,14.47500,1.2470,83.03,-77.0,5751.00,4336.0,12.28
K00474.01,10460984,11.372193006941632,2.7533213644524235,0.9660,176.7183400,3.09370,1.0970,83.63,-76.98,5888.00,5957.0,11.38
K00474.02,10460984,30.11614567627536,2.617594254937164,0.9660,134.7812000,3.62330,1.0970,83.63,-76.98,5888.00,5957.0,11.38
K00474.03,10460984,98.5834154624675,4.110592459605027,0.9660,214.8287900,6.92300,1.0970,83.63,-76.98,5888.00,5957.0,11.38
K00157.01,6541920,12.926451243382145,2.746126340882002,0.9210,138.1761570,4.57060,1.0460,85.39,-59.05,5657.00,5728.0,11.41
K00157.02,6541920,22.515616885127955,3.0512514898688914,0.9210,148.4554350,5.49210,1.0460,85.39,-59.05,5657.00,5728.0,11.41
K00157.03,6541920,31.75360593080935,3.9284862932061975,0.9210,154.1607450,4.28170,1.0460,85.39,-59.05,5657.00,5728.0,11.41
K00157.04,6541920,46.33262942058956,2.402860548271752,0.9210,225.0460400,6.37940,1.0460,85.39,-59.05,5657.00,5728.0,11.41
K00157.05,6541920,117.48360955331988,3.241954707985697,0.9210,287.2874400,9.55740,1.0460,85.39,-59.05,5657.00,5728.0,11.41
K00150.01,7626506,8.516106410082694,2.365059144676979,0.7760,134.0063660,3.49670,0.8120,85.6,-59.14,5551.00,5861.0,11.74
K00474.01,10460984,10.726056607315982,2.936148525664361,0.9660,176.7183400,3.09370,1.0970,85.72,-66.27,5888.00,5623.0,11.79
K00474.02,10460984,28.405029981528337,2.7914088096104845,0.9660,134.7812000,3.62330,1.0970,85.72,-66.27,5888.00,5623.0,11.79
K00474.03,10460984,92.98217979131448,4.383545686203131,0.9660,214.8287900,6.92300,1.0970,85.72,-66.27,5888.00,5623.0,11.79
K01102.01,3231341,12.087333393534047,4.083097370702109,0.8840,137.5878200,6.22100,1.2400,86.58,-7.204,5896.00,5152.0,10.16
K01102.02,3231341,7.982628844957191,3.3992776654146204,0.8840,140.5681100,5.07300,1.2400,86.58,-7.204,5896.00,5152.0,10.16
K01102.03,3231341,18.619425568552963,42.783328517769434,0.8840,144.7415700,4.52900,1.2400,86.58,-7.204,5896.00,5152.0,10.16
K00117.01,10875245,14.940753715692171,2.754650395778364,1.1130,138.7779900,6.09950,1.4020,86.9,-64.71,5847.00,5636.0,11.71
K00117.02,10875245,4.965124254819156,1.620382585751979,1.1130,138.6054800,4.16540,1.4020,86.9,-64.71,5847.00,5636.0,11.71
K00117.03,10875245,3.221339485352876,1.458344327176781,1.1130,133.4986300,3.57970,1.4020,86.9,-64.71,5847.00,5636.0,11.71
K00601.01,10973664,5.2905404974312695,2.886689336895798,1.0410,172.1855300,2.53150,0.9640,86.91,52.64,6122.00,4421.0,10.88
K00601.02,10973664,11.433168034216461,4.223682292931746,1.0410,131.5119000,1.26410,0.9640,86.91,52.64,6122.00,4421.0,10.88
K00369.01,7175184,5.60641725763659,1.6278815196394076,1.0720,174.4255400,1.95310,1.4310,87.23,-55.56,6070.00,5458.0,10.72
K00707.01,9458613,20.9920140943988,4.702419354838709,1.1000,189.6382800,7.95880,1.6940,87.74,-57.03,5900.00,4887.0,13.33
K00707.02,9458613,39.55180639313058,3.8725806451612903,1.1000,172.5748100,9.80520,1.6940,87.74,-57.03,5900.00,4887.0,13.33
K00707.03,9458613,30.640937539015404,3.507056451612903,1.1000,135.8710500,8.80770,1.6940,87.74,-57.03,5900.00,4887.0,13.33
K00707.04,9458613,12.701395361406497,2.7858870967741933,1.1000,143.6789000,6.66770,1.6940,87.74,-57.03,5900.00,4887.0,13.33
K00569.01,8008206,20.471329029705224,1.9182466870540265,0.8110,185.4311300,2.80660,0.8030,87.76,62.46,4979.00,5495.0,9.202
K00301.01,3642289,5.7584443001098,2.2935783692437686,1.2570,171.7141900,4.16280,1.3600,87.81,-46.9,6204.00,8241.0,6.931
K01001.01,1871056,41.08495336698763,3.8587328287075975,1.4720,155.7158600,13.13500,2.0970,89.15,-62.18,6207.00,6109.0,11.42
K00351.03,11442793,58.397028516812135,2.8454302103250475,1.0890,158.9597400,8.00060,1.2000,90.77,-54.21,5970.00,7568.0,8.663
K00351.02,11442793,205.8768491323281,7.714722753346081,1.0890,147.0568670,11.99220,1.2000,90.77,-54.21,5970.00,7568.0,8.663
K00350.01,11395587,12.699224420671323,2.023862332695985,0.9710,177.2386500,2.37480,1.0270,90.77,-54.21,5970.00,7568.0,8.663
K00351.04,11442793,89.87758256437748,2.6250095602294454,1.0890,134.3000000,9.19500,1.2000,90.77,-54.21,5970.00,7568.0,8.663
K00351.05,11442793,8.524185313238801,1.532925430210325,1.0890,139.5213400,3.74540,1.2000,90.77,-54.21,5970.00,7568.0,8.663
K00351.06,11442793,6.850998714486967,1.2924665391969408,1.0890,137.6716400,3.81200,1.2000,90.77,-54.21,5970.00,7568.0,8.663
K00153.01,12252424,8.720937635967024,2.315841995841996,0.7680,139.7138900,2.67660,0.6930,90.88,-43.2,4728.00,6561.0,8.702
K00343.01,10982872,4.665235411457858,2.710873983739837,1.0040,170.3357590,3.30610,1.2250,91.69,-55.22,5794.00,6368.0,11.41
K00343.02,10982872,1.9831351325632964,1.9123983739837396,1.0040,170.4962040,2.52730,1.2250,91.69,-55.22,5794.00,6368.0,11.41
K00250.01,9757613,12.44818868964067,2.939045871559633,0.5370,170.3980900,2.70960,0.5370,91.92,-68.99,3879.00,4506.0,12.77
K00250.02,9757613,17.48322043252314,2.7417247706422017,0.5370,149.8864790,2.03710,0.5370,91.92,-68.99,3879.00,4506.0,12.77
K00250.03,9757613,3.5915808274696,1.256623853211009,0.5370,136.2607500,1.87170,0.5370,91.92,-68.99,3879.00,4506.0,12.77
K00041.01,6521045,12.576370652365673,2.362442183163737,1.0500,122.9468200,6.38560,1.4740,93.27,-61.67,5788.00,5957.0,11.36
K00041.02,6521045,6.758349063030226,1.358926919518964,1.0500,133.1779700,4.46790,1.4740,93.27,-61.67,5788.00,5957.0,11.36
K00041.01,6521045,12.266422757273764,2.1487589398401346,1.0500,122.9468200,6.38560,1.4740,93.42,-59.55,5788.00,4944.0,12.86
K00041.02,6521045,6.591787809049646,1.2360117795540597,1.0500,133.1779700,4.46790,1.4740,93.42,-59.55,5788.00,4944.0,12.86
K00457.01,7440748,5.043694843028575,2.063812528165841,0.8270,174.2993220,1.88060,0.7990,93.55,44.1,5076.00,4292.0,7.898
K00148.01,5735762,4.969595017522521,1.7855045871559634,0.8560,124.0614650,2.73610,0.8730,93.58,-55.65,5192.00,5272.0,12.76
K00148.02,5735762,10.061872145742099,2.5383119266055045,0.8560,125.3394180,3.26410,0.8730,93.58,-55.65,5192.00,5272.0,12.76
K01052.01,5956342,17.837209368628997,2.4834894613583134,0.8810,143.3339500,4.64500,1.0670,94.03,-62.81,5839.00,5495.0,10.23
K01052.02,5956342,7.17110615515948,1.632845433255269,0.8810,132.1726500,3.52900,1.0670,94.03,-62.81,5839.00,5495.0,10.23
K01052.03,5956342,71.05141394887217,2.3368266978922714,0.8810,125.8810000,7.35800,1.0670,94.03,-62.81,5839.00,5495.0,10.23
K00567.01,7445445,10.309062396930688,2.679584775086505,0.8770,169.9311500,3.38120,0.8480,94.31,-56.3,5788.00,6166.0,10.76
K00567.02,7445445,19.583966993317578,2.192387543252595,0.8770,176.8028000,4.50380,0.8480,94.31,-56.3,5788.00,6166.0,10.76
K00369.01,7175184,5.679036861400041,1.6153993610223645,1.0720,174.4255400,1.95310,1.4310,94.88,-73.18,6070.00,5559.0,11.14
K00869.01,6948054,7.4605932895788465,2.614357937310414,0.8230,174.9503700,2.72970,0.7870,95.21,-47.56,5103.00,6026.0,10.21
K00869.02,6948054,36.132815978938126,3.094337714863498,0.8230,201.2869000,4.78650,0.7870,95.21,-47.56,5103.00,6026.0,10.21
K00869.03,6948054,17.391900590511217,2.3692618806875627,0.8230,137.2659400,2.26410,0.7870,95.21,-47.56,5103.00,6026.0,10.21
K00115.01,9579641,5.435808512585706,3.0811475409836064,0.9410,133.1430890,2.94720,1.0870,95.38,-62.3,5779.00,6324.0,10.12
K00115.02,9579641,7.157022697447581,1.8759367681498829,0.9410,139.0049200,3.00140,1.0870,95.38,-62.3,5779.00,6324.0,10.12
K00271.01,9451706,48.471035794242034,2.3956723338485317,1.2250,172.5473600,7.08050,1.3520,96.48,-63.38,6075.00,6053.0,10.02
K00271.02,9451706,29.297059837353476,2.414992272024729,1.2250,209.0673700,7.04450,1.3520,96.48,-63.38,6075.00,6053.0,10.02
K00869.01,6948054,7.379040131856807,2.513847334100499,0.8230,174.9503700,2.72970,0.7870,96.92,-38.1,5103.00,5164.0,10.69
K00869.02,6948054,35.737841326642325,2.9753739930955123,0.8230,201.2869000,4.78650,0.7870,96.92,-38.1,5103.00,5164.0,10.69
K00869.03,6948054,17.201786432442155,2.278174146528577,0.8230,137.2659400,2.26410,0.7870,96.92,-38.1,5103.00,5164.0,10.69
K00474.01,10460984,10.53738366787331,2.9652941176470584,0.9660,176.7183400,3.09370,1.0970,97.1,-60.57,5888.00,5152.0,11.37
K00474.02,10460984,27.9053812571391,2.8191176470588233,0.9660,134.7812000,3.62330,1.0970,97.1,-60.57,5888.00,5152.0,11.37
K00474.03,10460984,91.3466093464365,4.4270588235294115,0.9660,214.8287900,6.92300,1.0970,97.1,-60.57,5888.00,5152.0,11.37
K00153.01,12252424,8.898239987368498,2.3640067911714766,0.7680,139.7138900,2.67660,0.6930,97.51,53.88,4728.00,4650.0,10.72
K00435.04,11709124,3.90162275026917,1.4473267953179372,0.8950,134.6496400,2.94030,0.9710,97.55,-57.77,5688.00,5495.0,11.74
K00435.03,11709124,32.77890325093398,2.277127491300221,0.8950,161.2214600,3.36130,0.9710,97.55,-57.77,5688.00,5495.0,11.74
K00435.01,11709124,20.387084682594168,3.8981335020563113,0.8950,178.9463960,5.54840,0.9710,97.55,-57.77,5688.00,5495.0,11.74
K00433.02,10937029,325.64087155236035,10.604080987029421,0.9270,199.2033750,12.27260,0.8540,97.55,-57.77,5688.00,5495.0,11.74
K00435.05,11709124,61.809313608976616,2.942897817146472,0.8950,179.0994800,7.50900,0.9710,97.55,-57.77,5688.00,5495.0,11.74
K00665.01,6685609,6.074122753562411,3.52557127312296,1.1810,170.3240460,4.12460,1.5550,99.26,-57.01,5918.00,5483.0,11.49
K00665.02,6685609,1.6684918078326814,1.6844396082698585,1.1810,133.5704000,3.07920,1.5550,99.26,-57.01,5918.00,5483.0,11.49
K01163.01,10468940,2.973514756922503,1.8693711967545639,0.8670,135.7182900,1.77100,1.0020,99.29,-61.61,5359.00,5521.0,8.408
K00117.01,10875245,15.267626008482983,2.7725733634311513,1.1130,138.7779900,6.09950,1.4020,99.4,-65.59,5847.00,5260.0,10.63
K00117.02,10875245,5.073750739134965,1.6309255079006773,1.1130,138.6054800,4.16540,1.4020,99.4,-65.59,5847.00,5260.0,10.63
K00117.03,10875245,3.291815623536517,1.4678329571106097,1.1130,133.4986300,3.57970,1.4020,99.4,-65.59,5847.00,5260.0,10.63
K00255.01,7021681,28.69157599630353,2.584032189750107,0.5310,189.8245230,4.04700,0.5110,101.1,-59.73,3780.00,5176.0,11.05
K00546.01,12058931,20.490251389085614,3.1383897316219365,1.1800,170.1903400,6.44150,1.0920,101.6,-55.22,6246.00,4875.0,11.23
K01102.01,3231341,12.00930398489677,4.063139735480161,0.8840,137.5878200,6.22100,1.2400,101.7,-55.36,5896.00,6295.0,8.308
K01102.02,3231341,7.93109723017803,3.382662449683726,0.8840,140.5681100,5.07300,1.2400,101.7,-55.36,5896.00,6295.0,8.308
K01102.03,3231341,18.499228439957403,42.574209315698674,0.8840,144.7415700,4.52900,1.2400,101.7,-55.36,5896.00,6295.0,8.308
K00416.01,6508221,18.794203360279745,3.15792276964048,0.8260,185.8430600,3.79650,0.7380,102.3,-72.04,5176.00,5623.0,11.72
K00416.02,6508221,91.096947501526,3.0348868175765653,0.8260,153.7797400,4.53900,0.7380,102.3,-72.04,5176.00,5623.0,11.72
K00152.01,8394721,50.20781221341436,6.924445631846112,1.1010,158.7446650,8.63880,1.3240,103.8,65.45,6198.00,6252.0,7.55
K00152.02,8394721,26.411747028333313,3.5204114346780653,1.1010,133.6284000,6.84910,1.3240,103.8,65.45,6198.00,6252.0,7.55
K00152.03,8394721,12.997129670950084,3.287656959658028,1.1010,136.6180800,5.01970,1.3240,103.8,65.45,6198.00,6252.0,7.55
K01805.01,4644952,6.6321340971804394,2.9421087978509064,0.8750,137.5437000,1.88990,0.8800,104.6,54.1,5527.00,5105.0,10.6
K01805.02,4644952,30.36627982565663,2.0674278038952316,0.8750,134.8645000,3.85600,0.8800,104.6,54.1,5527.00,5105.0,10.6
K00497.01,4757437,13.226540078629561,2.833967213114754,1.1130,175.6096000,5.00360,1.2230,105.5,-33.51,5946.00,5185.0,10.52
K00431.01,10843590,19.47950011492852,2.7991552270327342,0.7740,178.7116700,3.14040,0.8650,105.7,-42.83,5402.00,4422.0,10.62
K00250.01,9757613,12.356432999053638,2.849128424048381,0.5370,170.3980900,2.70960,0.5370,105.8,-76.23,3879.00,4943.0,12.79
K00250.02,9757613,17.354351485846063,2.657844183564568,0.5370,149.8864790,2.03710,0.5370,105.8,-76.23,3879.00,4943.0,12.79
K00250.03,9757613,3.5651072587167523,1.2181785841337602,0.5370,136.2607500,1.87170,0.5370,105.8,-76.23,3879.00,4943.0,12.79
K00289.01,10386922,25.786399436536197,3.066322378716745,0.9580,191.9962700,7.87090,1.4170,106.0,-62.34,5866.00,4842.0,12.47
K00244.01,4349452,12.5920482200634,4.821047008547009,1.0970,178.5282970,2.73060,1.2580,106.2,-75.95,6267.00,4748.0,11.67
K00116.01,8395660,14.101542578575154,2.735321821036107,0.9510,136.2791940,3.35390,1.0120,106.9,-73.52,5854.00,7962.0,9.599
K00116.02,8395660,45.55917243279326,2.973626373626374,0.9510,151.9353800,6.80200,1.0120,106.9,-73.52,5854.00,7962.0,9.599
K00116.03,8395660,6.405987231744376,0.8185243328100472,0.9510,135.6391600,3.26200,1.0120,106.9,-73.52,5854.00,7962.0,9.599
K00289.01,10386922,27.400540359534215,3.056755070202808,0.9580,191.9962700,7.87090,1.4170,107.0,-63.87,5866.00,7889.0,8.42
K01310.01,10964440,19.454378159614276,4.075831435079728,1.0840,139.4353000,3.96220,1.7100,107.5,-76.89,5372.00,5129.0,11.45
K01363.01,6936909,3.524205063672966,2.1940904893813484,1.0930,134.9012700,2.27460,0.9860,107.8,30.23,5993.00,5152.0,10.06
K00898.01,7870390,9.285166706309756,2.1724178403755867,0.5080,175.7137200,2.45170,0.5090,107.9,-26.56,3906.00,4613.0,9.709
K00898.02,7870390,4.9130287095166585,1.6171361502347417,0.5080,172.6315300,2.15300,0.5090,107.9,-26.56,3906.00,4613.0,9.709
K01557.01,5371776,3.2192190988721547,2.8881126554498904,0.7600,133.9663330,1.82680,0.6910,108.0,-63.63,4723.00,6067.0,11.48
K01557.02,5371776,9.429465739622385,2.476993416239942,0.7600,134.8555500,2.90290,0.6910,108.0,-63.63,4723.00,6067.0,11.48
K01557.03,5371776,5.192589404160936,2.394769568397952,0.7600,132.4300200,1.11650,0.6910,108.0,-63.63,4723.00,6067.0,11.48
K01307.01,10973814,44.428243098470396,3.459463625154131,0.9260,172.4619600,3.57290,1.0710,109.3,-74.6,5514.00,5284.0,11.5
K01278.02,8609450,43.29436023489653,2.430933852140078,0.7930,161.3173800,6.43000,0.8720,111.5,-67.76,5600.00,4237.0,10.34
K01278.01,8609450,24.216773382378534,2.1431906614785996,0.7930,145.0752600,6.14800,0.8720,111.5,-67.76,5600.00,4237.0,10.34
K01278.03,8609450,9.001861598254612,1.0120622568093385,0.7930,138.0072000,4.90700,0.8720,111.5,-67.76,5600.00,4237.0,10.34
K00282.01,5088536,27.299041926922733,3.003178897531282,0.9500,182.1034940,5.92910,1.1370,111.7,-34.17,5903.00,4288.0,11.96
K00282.02,5088536,8.392985509034073,1.027933716604667,0.9500,139.0668900,3.28930,1.1370,111.7,-34.17,5903.00,4288.0,11.96
K01557.01,5371776,3.16850794620614,2.6784599728629583,0.7600,133.9663330,1.82680,0.6910,112.8,-76.57,4723.00,6180.0,10.2
K01557.02,5371776,9.280926897749685,2.2971845318860247,0.7600,134.8555500,2.90290,0.6910,112.8,-76.57,4723.00,6180.0,10.2
K01557.03,5371776,5.110792488226078,2.220929443690638,0.7600,132.4300200,1.11650,0.6910,112.8,-76.57,4723.00,6180.0,10.2
K01932.01,5202905,21.833967208541804,3.2809067131647773,1.4210,144.4684300,6.61700,1.8460,114.3,-74.01,6642.00,5546.0,8.346
K01015.01,8158127,9.595448651618302,4.592375886524822,1.2040,140.1046000,4.44810,1.8600,114.4,52.61,5897.00,4893.0,7.989
K01015.02,8158127,4.161199629902822,2.4687943262411345,1.2040,135.7640200,3.58500,1.8600,114.4,52.61,5897.00,4893.0,7.989
K00094.01,6462863,21.76596807457889,10.421424565339315,1.1060,132.7416410,6.66405,1.3310,114.5,-64.13,6181.00,6209.0,11.13
K00094.02,6462863,10.15449078059043,3.880650588895121,1.1060,138.0090410,5.22570,1.3310,114.5,-64.13,6181.00,6209.0,11.13
K00094.03,6462863,52.91717357748929,6.3321368480089735,1.1060,161.2398690,8.58580,1.3310,114.5,-64.13,6181.00,6209.0,11.13
K00111.01,6678383,11.021647702591496,2.282126412724989,0.9130,137.6137110,4.60740,1.0050,115.0,-67.16,5979.00,5346.0,12.52
K00111.02,6678383,22.827653583682082,2.252992884051904,0.9130,132.7142100,5.82970,1.0050,115.0,-67.16,5979.00,5346.0,12.52
K00700.02,8962094,9.442505042452105,1.449957805907173,0.9200,171.9729200,3.20690,0.8280,115.8,-66.13,5677.00,5358.0,8.476
K00700.01,8962094,31.13443744250083,2.27704641350211,0.9200,172.9347700,2.95570,0.8280,115.8,-66.13,5677.00,5358.0,8.476
K00700.03,8962094,14.795571894001275,1.2355274261603375,0.9200,145.4205800,3.74200,0.8280,115.8,-66.13,5677.00,5358.0,8.476
K00111.01,6678383,11.978354057643728,2.3449462365591396,0.9130,137.6137110,4.60740,1.0050,115.9,-65.92,5979.00,4206.0,12.28
K00111.02,6678383,24.80915052894413,2.3150107526881714,0.9130,132.7142100,5.82970,1.0050,115.9,-65.92,5979.00,4206.0,12.28
K00232.03,4833421,22.515641597964173,2.159220886862826,0.9950,142.9672800,4.49680,1.1910,116.9,-52.44,6038.00,4980.0,10.36
K00232.02,4833421,6.014070631796109,2.248363033568172,0.9950,134.0172500,3.83140,1.1910,116.9,-52.44,6038.00,4980.0,10.36
K00232.01,4833421,13.001956019344034,5.59614587650228,0.9950,134.0032580,5.00660,1.1910,116.9,-52.44,6038.00,4980.0,10.36
K00232.04,4833421,39.62981110515843,2.3672192291753005,0.9950,162.9798400,6.77510,1.1910,116.9,-52.44,6038.00,4980.0,10.36
K00152.01,8394721,51.438129773959275,7.371501706484641,1.1010,158.7446650,8.63880,1.3240,117.0,-69.6,6198.00,6152.0,11.51
K00152.02,8394721,27.058953802360936,3.747696245733788,1.1010,133.6284000,6.84910,1.3240,117.0,-69.6,6198.00,6152.0,11.51
K00152.03,8394721,13.315617893517508,3.499914675767918,1.1010,136.6180800,5.01970,1.3240,117.0,-69.6,6198.00,6152.0,11.51
K00152.02,8394721,27.14977197245488,3.4527777777777784,1.1010,133.6284000,6.84910,1.3240,119.1,-73.78,6198.00,5445.0,11.59
K00152.01,8394721,51.610771955665435,6.791414141414142,1.1010,158.7446650,8.63880,1.3240,119.1,-73.78,6198.00,5445.0,11.59
K00152.03,8394721,13.360309201969127,3.22449494949495,1.1010,136.6180800,5.01970,1.3240,119.1,-73.78,6198.00,5445.0,11.59
K00508.01,6266741,7.898299001862919,3.0854063018242117,1.0860,169.5169440,3.60830,1.0320,119.4,-64.81,5674.00,6442.0,10.94
K00605.01,4832837,2.567658237247752,1.6843548387096774,0.5750,169.7189130,1.82890,0.5570,119.6,-18.39,3939.00,7586.0,8.073
K00157.01,6541920,12.563719193185197,2.8174870070314886,0.9210,138.1761570,4.57060,1.0460,125.6,-75.57,5657.00,5495.0,11.13
K00157.02,6541920,21.883801105188137,3.1305411189238765,0.9210,148.4554350,5.49210,1.0460,125.6,-75.57,5657.00,5495.0,11.13
K00157.03,6541920,30.862560866424392,4.030571690614491,0.9210,154.1607450,4.28170,1.0460,125.6,-75.57,5657.00,5495.0,11.13
K00157.04,6541920,45.03247910521588,2.4653011311525526,0.9210,225.0460400,6.37940,1.0460,125.6,-75.57,5657.00,5495.0,11.13
K00157.05,6541920,114.18687561177265,3.3261999388566186,0.9210,287.2874400,9.55740,1.0460,125.6,-75.57,5657.00,5495.0,11.13
K00238.01,7219825,16.617412462023584,2.775080213903743,1.0130,135.0922000,4.55680,1.2160,125.8,-58.11,6086.00,6067.0,8.565
K00238.02,7219825,25.742606100618122,1.392513368983957,1.0130,143.9999000,4.57600,1.2160,125.8,-58.11,6086.00,6067.0,8.565
K00430.01,10717241,12.545207548351584,2.548128980891719,0.6220,179.4049450,2.70750,0.6070,129.3,-77.33,4200.00,5058.0,10.85
K00331.01,10285631,18.859751051223512,3.537943925233645,1.0380,170.8324500,6.93290,1.6140,131.3,-37.43,5548.00,5420.0,9.906
K01070.01,8240904,6.497957275044406,3.003178897531282,0.9470,360.3669400,3.68130,1.2940,134.6,-66.97,5529.00,9311.0,8.734
K00756.01,10872983,10.950529203226502,4.00052603892688,1.0530,171.2011600,4.59450,0.9720,135.2,-41.47,6046.00,9550.0,6.803
K00756.02,10872983,4.080849508284107,2.8413992635455023,1.0530,172.9793700,3.14020,0.9720,135.2,-41.47,6046.00,9550.0,6.803
K00117.02,10875245,5.077116279298178,1.7468099395567493,1.1130,138.6054800,4.16540,1.4020,136.3,-3.3739999999999997,5847.00,4449.0,10.23
K00117.01,10875245,15.277753389816898,2.969576897246474,1.1130,138.7779900,6.09950,1.4020,136.3,-3.3739999999999997,5847.00,4449.0,10.23
K00117.03,10875245,3.2939991635369053,1.5721289456010743,1.1130,133.4986300,3.57970,1.4020,136.3,-3.3739999999999997,5847.00,4449.0,10.23
K01060.01,5880320,11.75036229308595,2.8813757300454252,0.9600,140.2125800,6.34610,1.4580,136.6,-71.76,6021.00,5702.0,9.486
K01060.02,5880320,4.6167803894001676,1.6437378325762493,0.9600,137.6963600,4.66000,1.4580,136.6,-71.76,6021.00,5702.0,9.486
K01060.03,5880320,19.88906991206116,2.8620376378974695,0.9600,147.4389400,8.53600,1.4580,136.6,-71.76,6021.00,5702.0,9.486
K00547.01,12116489,25.681414657507332,4.049441993252011,0.8220,188.0601480,4.49030,0.8880,138.4,-77.83,5121.00,6209.0,7.505
K01163.01,10468940,3.040618051860105,1.8367713004484307,0.8670,135.7182900,1.77100,1.0020,138.8,-22.95,5359.00,6166.0,7.676
K00497.01,4757437,13.836348762699926,2.8976198457928257,1.1130,175.6096000,5.00360,1.2230,140.4,-74.0,5946.00,6808.0,8.167
K00123.01,5094751,6.333720381879607,2.509373784519642,1.0090,122.9776570,3.78400,1.3020,142.1,-15.64,5945.00,4245.0,9.881
K00749.01,10601284,5.274673730518861,2.425853385562395,0.8310,171.8069400,3.02780,0.9100,143.5,30.79,5185.00,4942.0,8.104
K00749.02,10601284,3.8858875461460807,1.61723559037493,0.8310,136.0866200,2.59840,0.9100,143.5,30.79,5185.00,4942.0,8.104
K00168.01,11512246,10.287423318230873,3.0585905112851224,1.0360,133.2867000,6.06330,1.5180,144.6,56.13,5761.00,4831.0,10.32
K00168.02,11512246,14.627491122529433,2.169000460617227,1.0360,147.5798300,6.07650,1.5180,144.6,56.13,5761.00,4831.0,10.32
K01557.01,5371776,3.1861675680829125,2.8870566727605125,0.7600,133.9663330,1.82680,0.6910,144.8,-55.94,4723.00,5521.0,9.112
K01557.02,5371776,9.33265397638191,2.4760877513711157,0.7600,134.8555500,2.90290,0.6910,144.8,-55.94,4723.00,5521.0,9.112
K01557.03,5371776,5.139277397958051,2.3938939670932364,0.7600,132.4300200,1.11650,0.6910,144.8,-55.94,4723.00,5521.0,9.112
K00070.01,6850504,10.551829266172044,3.0728637413394924,0.8760,138.6080310,3.77680,0.9250,144.9,-69.62,5465.00,4412.0,11.83
K00070.02,6850504,3.593191072417385,1.8293302540415706,0.8760,134.5014000,2.46300,0.9250,144.9,-69.62,5465.00,4412.0,11.83
K00070.03,6850504,75.45010634247215,2.6617782909930714,0.8760,164.7292000,7.17860,0.9250,144.9,-69.62,5465.00,4412.0,11.83
K00070.04,6850504,5.928722427923954,0.8632794457274827,0.8760,135.9290600,2.98150,0.9250,144.9,-69.62,5465.00,4412.0,11.83
K01102.01,3231341,12.072516347086395,4.287547360444558,0.8840,137.5878200,6.22100,1.2400,144.9,87.75,5896.00,5188.0,9.551
K01102.02,3231341,7.972843478862022,3.5694872442536,0.8840,140.5681100,5.07300,1.2400,144.9,87.75,5896.00,5188.0,9.551
K01102.03,3231341,18.596601271042857,44.92558726951251,0.8840,144.7415700,4.52900,1.2400,144.9,87.75,5896.00,5188.0,9.551
K00864.01,6849310,4.449466390486349,3.1533735393893703,0.9560,173.5764830,2.72510,0.9270,145.0,-40.48,5527.00,4710.0,10.67
K00864.02,6849310,20.69071133000311,2.727516019600452,0.9560,188.0882100,4.55600,0.9270,145.0,-40.48,5527.00,4710.0,10.67
K00289.01,10386922,27.841616980947997,3.251543312313309,0.9580,191.9962700,7.87090,1.4170,147.9,-47.82,5866.00,4196.0,11.97
K00331.01,10285631,18.392728764918186,3.6240700218818382,1.0380,170.8324500,6.93290,1.6140,149.4,-47.33,5548.00,5152.0,9.031
K01779.01,9909735,4.633620771412992,3.875058517555266,1.0510,134.0829600,2.75700,0.9390,150.6,-40.85,5729.00,5808.0,9.332
K00085.01,5866724,5.984463122464581,2.5460761460761465,1.2310,132.0405280,4.01850,1.4240,151.0,-45.6,6181.00,6180.0,9.527000000000001
K00085.02,5866724,2.200704397293463,1.4122766122766124,1.2310,133.4986130,3.13410,1.4240,151.0,-45.6,6181.00,6180.0,9.527000000000001
K00317.01,8121310,22.256295365205705,2.988335517693316,1.3240,206.3596500,7.33270,1.4030,154.2,64.06,6336.00,4985.0,9.064
K00150.01,7626506,8.0415366226449,2.239724256785868,0.7760,134.0063660,3.49670,0.8120,155.5,-46.77,5551.00,6561.0,8.328
K00301.01,3642289,5.736441010314762,2.3190516873131144,1.2570,171.7141900,4.16280,1.3600,156.1,-16.49,6204.00,6699.0,8.165
K00271.01,9451706,46.92747359068279,2.4979854955680905,1.2250,172.5473600,7.08050,1.3520,159.3,-82.07,6075.00,5340.0,8.966000000000001
K00271.02,9451706,28.364093716465987,2.5181305398871876,1.2250,209.0673700,7.04450,1.3520,159.3,-82.07,6075.00,5340.0,8.966000000000001
K00222.01,4249725,6.12194866772126,1.947419668938656,0.5910,132.6544180,2.74550,0.5710,159.5,68.79,4090.00,5272.0,9.641
K00734.01,10272442,24.047156162717904,3.167412353923205,0.9990,187.9221500,7.25180,0.9100,160.8,-77.57,5955.00,4825.0,11.48
K00459.01,7977197,19.303835533081475,3.245007727975271,0.8750,170.1023800,3.62270,0.9540,162.7,-35.85,5815.00,4424.0,11.39
K00939.01,9466668,3.2434662236490297,2.059250693802035,0.9490,170.5336000,2.68490,1.2500,163.3,-33.02,5553.00,5848.0,9.804
K00939.02,9466668,5.589978580556975,2.0104532839963,0.9490,132.0926100,3.19150,1.2500,163.3,-33.02,5553.00,5848.0,9.804
K00939.03,9466668,1.551332086114144,1.5322386679000926,0.9490,132.0638800,2.18880,1.2500,163.3,-33.02,5553.00,5848.0,9.804
K01839.01,5856571,9.805058657414344,4.0859523809523814,0.8190,132.6826400,3.45200,1.6730,165.1,60.29,5476.00,5768.0,9.155
K00253.01,11752906,6.2338923718993176,2.687666786873422,0.5810,170.6046220,1.75040,0.5760,167.5,72.6,3757.00,4526.0,10.31
K00730.02,10227020,9.484884279534722,2.60272034820457,1.0550,138.3884500,5.74710,1.2480,168.2,-49.56,5814.00,4969.0,10.07
K00730.01,10227020,14.24206382023123,3.3602285092491835,1.0550,176.7939900,6.11910,1.2480,168.2,-49.56,5814.00,4969.0,10.07
K00730.03,10227020,18.99661432814628,3.4670565832426545,1.0550,135.0592300,7.20200,1.2480,168.2,-49.56,5814.00,4969.0,10.07
K00250.01,9757613,12.796611273829088,2.8860900900900903,0.5370,170.3980900,2.70960,0.5370,168.3,-83.35,3879.00,4819.0,10.98
K00250.02,9757613,17.972572658369845,2.6923243243243244,0.5370,149.8864790,2.03710,0.5370,168.3,-83.35,3879.00,4819.0,10.98
K00250.03,9757613,3.692108535108699,1.233981981981982,0.5370,136.2607500,1.87170,0.5370,168.3,-83.35,3879.00,4819.0,10.98
K00829.01,5358241,18.902033043290885,3.1502912621359225,1.0260,174.7710000,4.40560,1.0530,176.6,58.01,5775.00,4962.0,10.74
K00829.02,5358241,9.884063398054248,2.786796116504854,1.0260,138.7860800,4.79300,1.0530,176.6,58.01,5775.00,4962.0,10.74
K01052.01,5956342,17.75841590759469,2.536961722488038,0.8810,143.3339500,4.64500,1.0670,185.4,-84.93,5839.00,5248.0,10.15
K01052.02,5956342,7.1394287631564906,1.6680023923444975,0.8810,132.1726500,3.52900,1.0670,185.4,-84.93,5839.00,5248.0,10.15
K01052.03,5956342,70.7375539329518,2.387141148325359,0.8810,125.8810000,7.35800,1.0670,185.4,-84.93,5839.00,5248.0,10.15
K00431.01,10843590,18.555771865601525,2.878175895765472,0.7740,178.7116700,3.14040,0.8650,186.8,24.29,5402.00,5248.0,9.828
K00431.01,10843590,18.167615413310884,2.955183946488294,0.7740,178.7116700,3.14040,0.8650,187.3,29.27,5402.00,6124.0,7.8870000000000005
K00510.01,6422155,2.8963301603408147,2.494201932689103,0.9640,169.9049600,2.72260,1.0540,187.5,44.74,5527.00,6577.0,8.555
K00510.02,6422155,6.2934439252623635,2.783105631456181,0.9640,175.4761000,3.50320,1.0540,187.5,44.74,5527.00,6577.0,8.555
K00510.03,6422155,14.408336686706562,2.6001332889036988,0.9640,136.2346700,4.09700,1.0540,187.5,44.74,5527.00,6577.0,8.555
K00070.01,6850504,10.680997148184527,3.1085187760778856,0.8760,138.6080310,3.77680,0.9250,187.9,-81.94,5465.00,4692.0,11.7
K00070.02,6850504,3.6371763254747154,1.8505563282336577,0.8760,134.5014000,2.46300,0.9250,187.9,-81.94,5465.00,4692.0,11.7
K00070.03,6850504,76.37371211622339,2.6926634214186365,0.8760,164.7292000,7.17860,0.9250,187.9,-81.94,5465.00,4692.0,11.7
K00070.04,6850504,6.001297571033017,0.8732962447844227,0.8760,135.9290600,2.98150,0.9250,187.9,-81.94,5465.00,4692.0,11.7
K00555.01,5709725,3.829811929580964,1.5501166861143523,0.8150,172.4477800,2.60610,0.8980,188.5,66.04,5252.00,7015.0,7.609
K00427.01,10189546,25.548432996765825,4.359456635318704,0.8590,191.7412250,2.66020,0.9860,189.8,64.12,5312.00,5458.0,10.48
K00427.02,10189546,44.578575157769066,3.093138279345175,0.8590,153.7378600,5.41540,0.9860,189.8,64.12,5312.00,5458.0,10.48
K00253.01,11752906,6.269383065507609,2.6789719626168225,0.5810,170.6046220,1.75040,0.5760,194.4,11.35,3757.00,5433.0,10.44
K00307.01,6289257,20.117988250824055,1.7061927840603124,1.0270,176.2711900,3.75350,1.0310,195.3,-75.82,6023.00,4793.0,9.517999999999999
K00123.01,5094751,6.701478272931476,2.625803825803826,1.0090,122.9776570,3.78400,1.3020,201.4,26.84,5945.00,5224.0,9.705
K00115.01,9579641,5.247219237659263,2.9416433761878142,0.9410,133.1430890,2.94720,1.0870,204.6,-28.93,5779.00,5610.0,8.825
K00115.02,9579641,6.908717828352461,1.7910005589714926,0.9410,139.0049200,3.00140,1.0870,204.6,-28.93,5779.00,5610.0,8.825
K00148.01,5735762,4.845602605931122,1.8720661792997306,0.8560,124.0614650,2.73610,0.8730,206.5,45.67,5192.00,6095.0,8.966000000000001
K00148.02,5735762,9.810826378818247,2.6613697575990765,0.8560,125.3394180,3.26410,0.8730,206.5,45.67,5192.00,6095.0,8.966000000000001
K00250.01,9757613,12.59366000988689,2.9197593875318995,0.5370,170.3980900,2.70960,0.5370,208.9,52.34,3879.00,4747.0,9.874
K00250.02,9757613,17.687531856609386,2.723733138899016,0.5370,149.8864790,2.03710,0.5370,208.9,52.34,3879.00,4747.0,9.874
K00250.03,9757613,3.633552556672083,1.2483776886620488,0.5370,136.2607500,1.87170,0.5370,208.9,52.34,3879.00,4747.0,9.874
K00250.02,9757613,16.649487219962047,2.527215189873418,0.5370,149.8864790,2.03710,0.5370,210.9,57.85,3879.00,5861.0,8.591000000000001
K00250.01,9757613,11.854564169099007,2.709098101265823,0.5370,170.3980900,2.70960,0.5370,210.9,57.85,3879.00,5861.0,8.591000000000001
K00250.03,9757613,3.42030687751192,1.1583069620253164,0.5370,136.2607500,1.87170,0.5370,210.9,57.85,3879.00,5861.0,8.591000000000001
K00238.01,7219825,16.53414035057692,2.714121338912134,1.0130,135.0922000,4.55680,1.2160,212.9,77.08,6086.00,6383.0,9.087
K00238.02,7219825,25.61360640412282,1.3619246861924685,1.0130,143.9999000,4.57600,1.2160,212.9,77.08,6086.00,6383.0,9.087
K00291.01,10933561,31.36632075588433,2.7740532433445826,0.9950,185.1533000,7.63400,1.4000,213.2,51.67,5611.00,5284.0,10.56
K00116.01,8395660,13.201874270694733,2.7396226415094342,0.9510,136.2791940,3.35390,1.0120,213.5,63.17,5854.00,5875.0,9.75
K00116.02,8395660,42.65252989048602,2.978301886792453,0.9510,151.9353800,6.80200,1.0120,213.5,63.17,5854.00,5875.0,9.75
K00116.03,8395660,5.997289838464628,0.819811320754717,0.9510,135.6391600,3.26200,1.0120,213.5,63.17,5854.00,5875.0,9.75
K00222.01,4249725,6.387907001955383,1.983143282102132,0.5910,132.6544180,2.74550,0.5710,214.7,64.12,4090.00,5188.0,10.52
K00581.01,8822216,7.1334659469629464,3.3004804612427927,1.0100,175.9142810,2.73740,0.8930,220.5,84.17,5713.00,4966.0,9.765
K00041.01,6521045,12.557140727820773,2.157836924376848,1.0500,122.9468200,6.38560,1.4740,220.6,24.34,5788.00,4887.0,9.802
K00041.02,6521045,6.748015195961374,1.2412336290663286,1.0500,133.1779700,4.46790,1.4740,220.6,24.34,5788.00,4887.0,9.802
K01203.01,3962243,31.126725322966852,3.521996398250579,1.0370,160.2069600,6.12200,0.9740,225.9,78.11,5779.00,6180.0,10.18
K01203.02,3962243,13.79284857499413,2.5986622073578594,1.0370,142.8971000,3.68500,0.9740,225.9,78.11,5779.00,6180.0,10.18
K00168.01,11512246,11.160496805322197,3.0650081833060554,1.0360,133.2867000,6.06330,1.5180,226.0,46.89,5761.00,5248.0,6.692
K00168.02,11512246,15.868897671739111,2.1735515548281503,1.0360,147.5798300,6.07650,1.5180,226.0,46.89,5761.00,5248.0,6.692
K01240.01,6690082,2.2341147686040466,1.677097996751489,0.9260,133.6539200,2.06780,1.0800,228.4,56.15,5534.00,6324.0,8.765
K00671.01,7040629,4.409740856928659,1.777547770700637,1.2130,170.7405300,3.32750,1.4990,231.0,69.11,5966.00,6053.0,10.05
K00671.02,7040629,7.7863728091365925,1.6027070063694266,1.2130,132.7755000,3.87000,1.4990,231.0,69.11,5966.00,6053.0,10.05
K00671.03,7040629,16.955820748632107,1.6707006369426751,1.2130,144.5320300,3.85400,1.4990,231.0,69.11,5966.00,6053.0,10.05
K00534.01,10554999,6.248018756662901,2.6448979591836737,0.8560,174.0221400,2.00040,0.7660,231.6,67.07,5299.00,6412.0,9.381
K00232.01,4833421,12.444779365909739,5.511602922217448,0.9950,134.0032580,5.00660,1.1910,232.5,-72.73,6038.00,5943.0,6.7589999999999995
K00232.02,4833421,5.756347890451943,2.214396218306833,0.9950,134.0172500,3.83140,1.1910,232.5,-72.73,6038.00,5943.0,6.7589999999999995
K00232.03,4833421,21.550772172408877,2.126600773528148,0.9950,142.9672800,4.49680,1.1910,232.5,-72.73,6038.00,5943.0,6.7589999999999995
K00232.04,4833421,37.93154312955891,2.3314568113450798,0.9950,162.9798400,6.77510,1.1910,232.5,-72.73,6038.00,5943.0,6.7589999999999995
K00115.01,9579641,5.45575551265305,2.8027237354085606,0.9410,133.1430890,2.94720,1.0870,234.3,57.39,5779.00,5943.0,10.5
K00115.02,9579641,7.183285788190647,1.7064202334630352,0.9410,139.0049200,3.00140,1.0870,234.3,57.39,5779.00,5943.0,10.5
K00150.01,7626506,8.65791986321986,2.3300761990138947,0.7760,134.0063660,3.49670,0.8120,235.0,50.33,5551.00,5408.0,10.02
K00238.01,7219825,16.87233867592963,2.673111263736264,1.0130,135.0922000,4.55680,1.2160,237.1,66.06,6086.00,6223.0,9.985
K00238.02,7219825,26.13752108057079,1.3413461538461537,1.0130,143.9999000,4.57600,1.2160,237.1,66.06,6086.00,6223.0,9.985
K00534.01,10554999,6.327156467204507,2.6437968359700252,0.8560,174.0221400,2.00040,0.7660,238.9,71.71,5299.00,5929.0,11.09
K00341.01,10878263,7.029266899272887,2.746094325718497,0.8840,176.6668440,2.92250,0.9410,241.2,13.64,5497.00,4827.0,9.655
K01102.01,3231341,12.872607359515824,4.128425357873211,0.8840,137.5878200,6.22100,1.2400,243.6,70.19,5896.00,7727.0,7.742000000000001
K01102.02,3231341,8.501233768636498,3.4370143149284256,0.8840,140.5681100,5.07300,1.2400,243.6,70.19,5896.00,7727.0,7.742000000000001
K01102.03,3231341,19.8290679011076,43.25828220858896,0.8840,144.7415700,4.52900,1.2400,243.6,70.19,5896.00,7727.0,7.742000000000001
K00312.01,7050989,11.854212170761603,2.145399393326592,1.1930,175.5860300,2.72070,1.3030,243.9,57.35,6156.00,4710.0,11.18
K00123.01,5094751,6.307096125657923,2.616220600162207,1.0090,122.9776570,3.78400,1.3020,244.8,66.38,5945.00,7568.0,9.338
K02674.01,8022489,199.645106152952,9.551101275160711,1.0320,272.3864000,11.10600,1.6740,245.4,73.62,5616.00,6324.0,9.369
K02674.02,8022489,11.293384527481418,1.504900411002213,1.0320,140.0076400,6.10600,1.6740,245.4,73.62,5616.00,6324.0,9.369
K00547.01,12116489,25.24596480329881,4.076953227070813,0.8220,188.0601480,4.49030,0.8880,245.7,65.08,5121.00,5929.0,10.04
K01240.01,6690082,2.0564695242002204,1.7977945443993033,0.9260,133.6539200,2.06780,1.0800,246.1,58.83,5534.00,5093.0,10.18
K00152.02,8394721,26.50705857568945,3.607651715039578,1.1010,133.6284000,6.84910,1.3240,247.1,44.36,6198.00,5105.0,10.66
K00152.01,8394721,50.38899614896747,7.096042216358839,1.1010,158.7446650,8.63880,1.3240,247.1,44.36,6198.00,5105.0,10.66
K00152.03,8394721,13.04403215486369,3.3691292875989447,1.1010,136.6180800,5.01970,1.3240,247.1,44.36,6198.00,5105.0,10.66
K06145.01,6221385,18.704704280375832,4.164127702362997,1.0980,134.3013000,4.81200,1.4850,247.4,41.93,6486.00,5702.0,10.26
K06145.02,6221385,31.050738201998065,3.8162644544997484,1.0980,152.8810000,5.95300,1.4850,247.4,41.93,6486.00,5702.0,10.26
K00082.01,10187017,16.742628268193485,2.5573388773388777,0.8060,134.7548770,3.72360,0.7410,248.4,45.42,4900.00,5082.0,10.91
K00082.02,10187017,10.693005651449138,1.381787941787942,0.8060,134.0799100,3.18180,0.7410,248.4,45.42,4900.00,5082.0,10.91
K00082.03,10187017,28.46866118684428,0.9796257796257797,0.8060,145.0286600,3.74700,0.7410,248.4,45.42,4900.00,5082.0,10.91
K00082.04,10187017,7.33281168185081,0.6496465696465696,0.8060,139.9876300,2.75700,0.7410,248.4,45.42,4900.00,5082.0,10.91
K00082.05,10187017,5.482394040135039,0.525904365904366,0.8060,135.8542700,2.57900,0.7410,248.4,45.42,4900.00,5082.0,10.91
K00168.01,11512246,10.332770902127356,3.0223941738734634,1.0360,133.2867000,6.06330,1.5180,248.4,61.16,5761.00,7031.0,9.217
K00168.02,11512246,14.691969987679121,2.1433318161128807,1.0360,147.5798300,6.07650,1.5180,248.4,61.16,5761.00,7031.0,9.217
K00509.01,6381846,4.284137177068107,2.6957271095152606,0.9140,169.7155170,2.75350,0.9430,251.1,-29.05,5456.00,5572.0,9.299
K00369.01,7175184,5.684629216753463,1.5266304347826087,1.0720,174.4255400,1.95310,1.4310,251.5,27.94,6070.00,4323.0,10.19
K00497.01,4757437,13.16651039597315,2.796376577159495,1.1130,175.6096000,5.00360,1.2230,251.8,74.56,5946.00,4306.0,13.41
K00152.02,8394721,27.43195223052048,3.5834886429819455,1.1010,133.6284000,6.84910,1.3240,253.5,37.34,6198.00,5585.0,9.585
K00152.01,8394721,52.14718680895371,7.048514851485149,1.1010,158.7446650,8.63880,1.3240,253.5,37.34,6198.00,5585.0,9.585
K00152.03,8394721,13.499169134283578,3.346563774024462,1.1010,136.6180800,5.01970,1.3240,253.5,37.34,6198.00,5585.0,9.585
K00150.01,7626506,8.16221072641309,2.1878787878787875,0.7760,134.0063660,3.49670,0.8120,253.6,50.91,5551.00,5140.0,9.575
K00070.01,6850504,11.360790602167341,3.139080056179776,0.8760,138.6080310,3.77680,0.9250,253.6,81.18,5465.00,11040.0,6.888
K00070.02,6850504,3.868664886208882,1.8687500000000001,0.8760,134.5014000,2.46300,0.9250,253.6,81.18,5465.00,11040.0,6.888
K00070.03,6850504,81.23452696643626,2.719136235955056,0.8760,164.7292000,7.17860,0.9250,253.6,81.18,5465.00,11040.0,6.888
K00070.04,6850504,6.383250936209661,0.8818820224719102,0.8760,135.9290600,2.98150,0.9250,253.6,81.18,5465.00,11040.0,6.888
K00116.01,8395660,13.82628724295732,2.516101083032491,0.9510,136.2791940,3.35390,1.0120,253.7,71.44,5854.00,6950.0,10.5
K00116.02,8395660,44.66987927719819,2.7353068592057763,0.9510,151.9353800,6.80200,1.0120,253.7,71.44,5854.00,6950.0,10.5
K00116.03,8395660,6.280945438932549,0.7529241877256319,0.9510,135.6391600,3.26200,1.0120,253.7,71.44,5854.00,6950.0,10.5
K00250.01,9757613,11.851692609461503,2.9347379992671314,0.5370,170.3980900,2.70960,0.5370,254.5,56.06,3879.00,5117.0,11.38
K00250.02,9757613,16.645454174562484,2.7377061194576773,0.5370,149.8864790,2.03710,0.5370,254.5,56.06,3879.00,5117.0,11.38
K00250.03,9757613,3.419478368337121,1.254781971418102,0.5370,136.2607500,1.87170,0.5370,254.5,56.06,3879.00,5117.0,11.38
K00238.01,7219825,17.036899638345467,2.7122299651567943,1.0130,135.0922000,4.55680,1.2160,255.5,6.0920000000000005,6086.00,5808.0,8.82
K00238.02,7219825,26.392448136434073,1.3609756097560974,1.0130,143.9999000,4.57600,1.2160,255.5,6.0920000000000005,6086.00,5808.0,8.82
K01805.01,4644952,6.709580989458497,2.9472474868358067,0.8750,137.5437000,1.88990,0.8800,256.2,78.45,5527.00,4060.0,12.35
K01805.02,4644952,30.72088272844516,2.0710387745332697,0.8750,134.8645000,3.85600,0.8800,256.2,78.45,5527.00,4060.0,12.35
K00250.01,9757613,12.753342934779791,2.690258649647296,0.5370,170.3980900,2.70960,0.5370,256.3,80.31,3879.00,5309.0,11.63
K00250.02,9757613,17.91180318192565,2.5096405777628488,0.5370,149.8864790,2.03710,0.5370,256.3,80.31,3879.00,5309.0,11.63
K00250.03,9757613,3.6796246516425657,1.150251931474639,0.5370,136.2607500,1.87170,0.5370,256.3,80.31,3879.00,5309.0,11.63
K00665.01,6685609,5.584528363598006,3.624161073825504,1.1810,170.3240460,4.12460,1.5550,256.5,-61.65,5918.00,5808.0,9.731
K00665.02,6685609,1.5340058479733163,1.731543624161074,1.1810,133.5704000,3.07920,1.5550,256.5,-61.65,5918.00,5808.0,9.731
K00581.01,8822216,7.240014314405012,3.142451967063129,1.0100,175.9142810,2.73740,0.8930,258.1,59.24,5713.00,4946.0,9.687000000000001
K00481.01,11192998,7.736447562220567,2.2161709258483446,0.8350,171.9723520,2.75200,0.7460,258.9,63.31,5409.00,6095.0,12.04
K00481.02,11192998,1.5715146303568097,1.5320485965647255,0.8350,169.8303040,1.76640,0.7460,258.9,63.31,5409.00,6095.0,12.04
K00386.01,3656121,30.19820743853375,3.4013955984970474,1.0150,173.9035500,5.18030,1.1550,260.2,57.33,5951.00,5984.0,10.7
K00718.01,9884104,4.712954024599439,3.209951338199513,1.1790,169.8609500,3.44370,1.4950,260.3,63.16,5788.00,5970.0,10.68
K00718.02,9884104,23.34594975928556,3.9124330900243303,1.1790,147.2968400,6.08750,1.4950,260.3,63.16,5788.00,5970.0,10.68
K00238.01,7219825,16.626716724320353,2.8244194484760525,1.0130,135.0922000,4.55680,1.2160,260.4,77.27,6086.00,6053.0,10.86
K00238.02,7219825,25.75701965386595,1.4172714078374455,1.0130,143.9999000,4.57600,1.2160,260.4,77.27,6086.00,6053.0,10.86
K02715.01,9837661,11.120763164362511,3.9150899861559765,0.5130,139.5441700,2.61180,0.5030,260.4,59.53,3640.00,6516.0,11.25
K02715.02,9837661,2.2249934070029034,2.0350715274573146,0.5130,133.3719500,1.70730,0.5030,260.4,59.53,3640.00,6516.0,11.25
K00332.01,10290666,5.384028345027239,1.9837411636759108,1.1720,172.0885700,4.04480,1.1350,261.3,58.09,5914.00,6252.0,10.15
K00115.01,9579641,5.669959040987294,3.0847596717467765,0.9410,133.1430890,2.94720,1.0870,262.3,71.01,5779.00,6397.0,9.162
K00115.02,9579641,7.465315501086529,1.8781359906213366,0.9410,139.0049200,3.00140,1.0870,262.3,71.01,5779.00,6397.0,9.162
K00282.01,5088536,26.26620764367574,2.847194613658224,0.9500,182.1034940,5.92910,1.1370,262.7,57.54,5903.00,6310.0,10.4
K00282.02,5088536,8.075444578633268,0.9745431227957679,0.9500,139.0668900,3.28930,1.1370,262.7,57.54,5903.00,6310.0,10.4
K00880.01,7366258,26.84475780066411,4.087727272727273,0.9150,194.1207400,3.97830,0.9290,263.3,64.19,5427.00,4853.0,11.39
K00880.02,7366258,52.320287830998176,5.760454545454545,0.9150,174.0550110,6.39940,0.9290,263.3,64.19,5427.00,4853.0,11.39
K00880.03,7366258,5.991604960676824,2.5404545454545455,0.9150,136.7839300,2.90030,0.9290,263.3,64.19,5427.00,4853.0,11.39
K00939.01,9466668,3.252657116886913,2.041311325080238,0.9490,170.5336000,2.68490,1.2500,263.4,56.47,5553.00,5689.0,11.96
K00939.02,9466668,5.605818701215964,1.992939018798716,0.9490,132.0926100,3.19150,1.2500,263.4,56.47,5553.00,5689.0,11.96
K00939.03,9466668,1.5557280398860742,1.5188904172397981,0.9490,132.0638800,2.18880,1.2500,263.4,56.47,5553.00,5689.0,11.96
K01083.01,10157458,7.2614842496881185,1.517005909389363,0.9380,138.5829000,3.54800,0.8480,264.8,59.08,5795.00,6152.0,9.904
K00255.01,7021681,27.023104042183846,2.3813036690085876,0.5310,189.8245230,4.04700,0.5110,264.9,56.26,3780.00,5534.0,12.27
K00880.01,7366258,26.065088888841125,3.91284053759535,0.9150,194.1207400,3.97830,0.9290,265.0,73.39,5427.00,8913.0,7.968999999999999
K00880.02,7366258,50.800717336737634,5.514002905920813,0.9150,174.0550110,6.39940,0.9290,265.0,73.39,5427.00,8913.0,7.968999999999999
K00880.03,7366258,5.817587070314315,2.4317653468942972,0.9150,136.7839300,2.90030,0.9290,265.0,73.39,5427.00,8913.0,7.968999999999999
K00431.01,10843590,18.46915259859405,2.6866216216216214,0.7740,178.7116700,3.14040,0.8650,266.1,60.71,5402.00,4774.0,12.13
K00241.01,11288051,14.235646154879596,2.1487710219922382,0.7150,131.7923700,3.98500,0.6510,266.1,67.7,4983.00,6124.0,8.441
K00241.02,11288051,31.87817598939412,1.4748382923673997,0.7150,153.8450700,5.39400,0.6510,266.1,67.7,4983.00,6124.0,8.441
K00116.01,8395660,14.058484433297062,2.7482649842271294,0.9510,136.2791940,3.35390,1.0120,266.1,61.18,5854.00,10120.0,9.171
K00116.02,8395660,45.42006045589923,2.9876971608832807,0.9510,151.9353800,6.80200,1.0120,266.1,61.18,5854.00,10120.0,9.171
K00116.03,8395660,6.386426965387905,0.822397476340694,0.9510,135.6391600,3.26200,1.0120,266.1,61.18,5854.00,10120.0,9.171
K00291.01,10933561,31.356419770797253,2.780308154829012,0.9950,185.1533000,7.63400,1.4000,267.8,76.57,5611.00,5309.0,12.08
K00627.01,4563268,7.996324782494877,1.8365552699228789,1.0040,176.1719700,3.54130,0.9120,268.0,7.547999999999999,5604.00,5458.0,9.211
K00232.02,4833421,5.527409416866504,2.254487471526196,0.9950,134.0172500,3.83140,1.1910,268.7,60.95,6038.00,5888.0,9.617
K00232.01,4833421,11.949832075308224,5.611389521640092,0.9950,134.0032580,5.00660,1.1910,268.7,60.95,6038.00,5888.0,9.617
K00232.03,4833421,20.693666073258317,2.1651025056947613,0.9950,142.9672800,4.49680,1.1910,268.7,60.95,6038.00,5888.0,9.617
K00232.04,4833421,36.42294952992162,2.37366742596811,0.9950,162.9798400,6.77510,1.1910,268.7,60.95,6038.00,5888.0,9.617
K00370.01,8494142,43.64839897758296,3.525047335677576,1.2400,203.6483000,9.74710,1.7630,271.0,61.23,6143.00,5861.0,11.09
K00343.01,10982872,4.611663330177959,2.8636607622114867,1.0040,170.3357590,3.30610,1.2250,272.2,70.98,5794.00,5012.0,12.41
K00343.02,10982872,1.9603622889357755,2.0201825013419215,1.0040,170.4962040,2.52730,1.2250,272.2,70.98,5794.00,5012.0,12.41
K00274.01,8077137,14.475351595583106,1.3925414364640882,1.0920,175.9537100,4.33490,1.6130,274.3,56.2,6063.00,6081.0,8.457
K00551.01,4270253,11.61410584932402,3.0426917510853833,0.9450,178.8444800,3.33720,1.1980,274.5,-50.43,5576.00,5248.0,8.729
K00295.01,11547513,5.3949952104026595,1.9860686015831135,0.9660,171.8756190,2.93310,1.0540,274.5,76.01,5923.00,6194.0,10.2
K00313.01,7419318,18.254244674038347,2.0,0.8140,177.6343720,3.03560,0.7950,276.3,68.16,5188.00,6124.0,8.441
K00250.02,9757613,17.97087509456221,2.644370860927152,0.5370,149.8864790,2.03710,0.5370,276.3,62.59,3879.00,4775.0,10.41
K00250.01,9757613,12.795402595217977,2.8346854304635762,0.5370,170.3980900,2.70960,0.5370,276.3,62.59,3879.00,4775.0,10.41
K00250.03,9757613,3.6917598042985804,1.212003311258278,0.5370,136.2607500,1.87170,0.5370,276.3,62.59,3879.00,4775.0,10.41
K00152.01,8394721,52.23201423820782,6.870566037735848,1.1010,158.7446650,8.63880,1.3240,277.1,48.0,6198.00,4923.0,10.36
K00152.02,8394721,27.47657557704273,3.4930188679245284,1.1010,133.6284000,6.84910,1.3240,277.1,48.0,6198.00,4923.0,10.36
K00152.03,8394721,13.521128129289826,3.2620754716981133,1.1010,136.6180800,5.01970,1.3240,277.1,48.0,6198.00,4923.0,10.36
K00282.01,5088536,27.368153425471906,3.1082954147707387,0.9500,182.1034940,5.92910,1.1370,277.5,77.81,5903.00,6471.0,9.981
K00282.02,5088536,8.414233573613906,1.063913195659783,0.9500,139.0668900,3.28930,1.1370,277.5,77.81,5903.00,6471.0,9.981
K00159.01,8972058,8.620671306512547,2.6751124956732433,1.0320,136.7392300,4.24470,1.1710,277.6,52.85,5881.00,6397.0,9.041
K00597.01,10600261,17.356044200328043,3.692773892773893,0.9890,176.9432600,5.11260,1.4390,277.9,55.61,5565.00,4695.0,12.82
K00597.02,10600261,2.0980843520445194,2.136829836829837,0.9890,133.0625800,2.40620,1.4390,277.9,55.61,5565.00,4695.0,12.82
K00250.01,9757613,11.731885452445175,2.897575976845152,0.5370,170.3980900,2.70960,0.5370,278.1,43.71,3879.00,7244.0,8.566
K00250.02,9757613,16.47718753049615,2.7030390738060786,0.5370,149.8864790,2.03710,0.5370,278.1,43.71,3879.00,7244.0,8.566
K00250.03,9757613,3.3849113241781925,1.2388929088277858,0.5370,136.2607500,1.87170,0.5370,278.1,43.71,3879.00,7244.0,8.566
K00168.01,11512246,10.647917062023518,2.914925373134328,1.0360,133.2867000,6.06330,1.5180,278.5,76.79,5761.00,6223.0,11.01
K00168.02,11512246,15.14007030527868,2.0671202809482,1.0360,147.5798300,6.07650,1.5180,278.5,76.79,5761.00,6223.0,11.01
K00730.01,10227020,14.41497922864125,3.4700289855072457,1.0550,176.7939900,6.11910,1.2480,278.7,20.43,5814.00,4985.0,9.232000000000001
K00730.02,10227020,9.600041932219002,2.6877681159420286,1.0550,138.3884500,5.74710,1.2480,278.7,20.43,5814.00,4985.0,9.232000000000001
K00730.03,10227020,19.227255572731416,3.580347826086956,1.0550,135.0592300,7.20200,1.2480,278.7,20.43,5814.00,4985.0,9.232000000000001
K02715.01,9837661,11.258044384394912,3.8539787485242027,0.5130,139.5441700,2.61180,0.5030,279.5,73.62,3640.00,5715.0,12.56
K02715.02,9837661,2.252460030018152,2.003305785123967,0.5130,133.3719500,1.70730,0.5030,279.5,73.62,3640.00,5715.0,12.56
K00282.01,5088536,27.122919075781294,3.013369528333899,0.9500,182.1034940,5.92910,1.1370,279.7,57.87,5903.00,4090.0,13.0
K00282.02,5088536,8.3388372154274,1.0314217848659655,0.9500,139.0668900,3.28930,1.1370,279.7,57.87,5903.00,4090.0,13.0
K00509.01,6381846,4.364908994131984,2.6632139056402986,0.9140,169.7155170,2.75350,0.9430,279.9,56.78,5456.00,4726.0,11.96
K00070.01,6850504,10.406758721137772,2.956777777777778,0.8760,138.6080310,3.77680,0.9250,281.1,72.67,5465.00,5236.0,11.24
K00070.02,6850504,3.5437905207084044,1.7602222222222224,0.8760,134.5014000,2.46300,0.9250,281.1,72.67,5465.00,5236.0,11.24
K00070.03,6850504,74.4127897053383,2.5612222222222223,0.8760,164.7292000,7.17860,0.9250,281.1,72.67,5465.00,5236.0,11.24
K00070.04,6850504,5.847212106606192,0.8306666666666667,0.8760,135.9290600,2.98150,0.9250,281.1,72.67,5465.00,5236.0,11.24
K01070.01,8240904,6.33811749255887,2.965075125208681,0.9470,360.3669400,3.68130,1.2940,281.5,50.63,5529.00,4093.0,12.11
K01307.01,10973814,43.770906168379895,3.4214939024390247,0.9260,172.4619600,3.57290,1.0710,281.7,62.01,5514.00,7534.0,8.698
K00671.02,7040629,7.526575685981946,1.7262773722627733,1.2130,132.7755000,3.87000,1.4990,284.0,59.72,5966.00,6281.0,8.717
K00671.01,7040629,4.262607137985319,1.914598540145985,1.2130,170.7405300,3.32750,1.4990,284.0,59.72,5966.00,6281.0,8.717
K00671.03,7040629,16.39007934898431,1.7995133819951334,1.2130,144.5320300,3.85400,1.4990,284.0,59.72,5966.00,6281.0,8.717
K01590.01,5542466,13.475574572824543,1.9330046704722368,0.7810,201.2298900,3.55500,0.8120,284.4,40.57,4915.00,4909.0,10.76
K01590.02,5542466,2.4627503802941577,1.3420861442656982,0.7810,177.8882400,1.79600,0.8120,284.4,40.57,4915.00,4909.0,10.76
K00253.01,11752906,6.503546774578442,2.663652609006433,0.5810,170.6046220,1.75040,0.5760,285.2,79.05,3757.00,6124.0,10.66
K00153.01,12252424,8.97341943977952,2.467700487372619,0.7680,139.7138900,2.67660,0.6930,285.5,38.0,4728.00,6412.0,7.916
K01557.01,5371776,3.1483029679984487,2.8342067480258435,0.7600,133.9663330,1.82680,0.6910,286.1,75.41,4723.00,6501.0,11.31
K01557.02,5371776,9.221744175503167,2.4307609475951186,0.7600,134.8555500,2.90290,0.6910,286.1,75.41,4723.00,6501.0,11.31
K01557.03,5371776,5.078201927431593,2.3500717875089734,0.7600,132.4300200,1.11650,0.6910,286.1,75.41,4723.00,6501.0,11.31
K01436.01,11389771,2.5956252573843375,1.2211494252873563,0.9440,135.0112000,2.26640,0.8810,286.5,62.2,5814.00,4898.0,10.68
K01436.02,11389771,14.228604332622217,1.58367816091954,0.9440,144.6138900,3.85300,0.8810,286.5,62.2,5814.00,4898.0,10.68
K00082.01,10187017,16.181422851382532,2.4406349206349205,0.8060,134.7548770,3.72360,0.7410,286.7,20.44,4900.00,4712.0,11.07
K00082.02,10187017,10.334580881009503,1.3187301587301588,0.8060,134.0799100,3.18180,0.7410,286.7,20.44,4900.00,4712.0,11.07
K00082.03,10187017,27.514404387285257,0.9349206349206348,0.8060,145.0286600,3.74700,0.7410,286.7,20.44,4900.00,4712.0,11.07
K00082.04,10187017,7.087019111509443,0.62,0.8060,139.9876300,2.75700,0.7410,286.7,20.44,4900.00,4712.0,11.07
K00082.05,10187017,5.298626642141686,0.5019047619047619,0.8060,135.8542700,2.57900,0.7410,286.7,20.44,4900.00,4712.0,11.07
K00301.01,3642289,5.804830994971326,2.401105705440071,1.2570,171.7141900,4.16280,1.3600,286.8,58.16,6204.00,5821.0,10.82
K00238.01,7219825,16.50656813209347,2.7544585987261145,1.0130,135.0922000,4.55680,1.2160,286.9,61.53,6086.00,4179.0,12.86
K00238.02,7219825,25.57089333063068,1.3821656050955413,1.0130,143.9999000,4.57600,1.2160,286.9,61.53,6086.00,4179.0,12.86
K00238.01,7219825,16.710926319435085,2.6648750427935637,1.0130,135.0922000,4.55680,1.2160,287.0,59.9,6086.00,6166.0,11.01
K00238.02,7219825,25.88747163860697,1.3372132831222183,1.0130,143.9999000,4.57600,1.2160,287.0,59.9,6086.00,6166.0,11.01
K01832.01,11709244,4.520005000666187,3.0181086519114695,0.9190,134.9015900,1.81410,0.9370,287.1,64.2,5445.00,7063.0,10.71
K01832.02,11709244,12.693594331563562,3.1991951710261577,0.9190,143.7302600,2.06880,0.9370,287.1,64.2,5445.00,7063.0,10.71
K01832.01,11709244,4.324100261315706,2.8744809964867453,0.9190,134.9015900,1.81410,0.9370,287.8,73.11,5445.00,4073.0,14.01
K01832.02,11709244,12.143432265685494,3.04694985627595,0.9190,143.7302600,2.06880,0.9370,287.8,73.11,5445.00,4073.0,14.01
K00730.02,10227020,9.573702811477137,2.652509010257832,1.0550,138.3884500,5.74710,1.2480,288.6,29.93,5814.00,5333.0,10.16
K00730.01,10227020,14.375429622392094,3.4245079013030217,1.0550,176.7939900,6.11910,1.2480,288.6,29.93,5814.00,5333.0,10.16
K00730.03,10227020,19.174502781687327,3.5333795397837537,1.0550,135.0592300,7.20200,1.2480,288.6,29.93,5814.00,5333.0,10.16
K01203.01,3962243,31.650026433626937,3.5595423816952683,1.0370,160.2069600,6.12200,0.9740,289.2,64.84,5779.00,5662.0,12.39
K01203.02,3962243,14.024733326877591,2.6263650546021844,1.0370,142.8971000,3.68500,0.9740,289.2,64.84,5779.00,5662.0,12.39
K00248.01,5364071,7.107030851886026,2.3568435754189943,0.5410,170.2857310,2.54180,0.5390,290.0,58.11,3834.00,6486.0,10.74
K00248.02,5364071,10.76606555765382,2.231145251396648,0.5410,169.8524700,2.18010,0.5390,290.0,58.11,3834.00,6486.0,10.74
K00248.03,5364071,2.541940051149024,1.6445530726256983,0.5410,172.1269110,1.59970,0.5390,290.0,58.11,3834.00,6486.0,10.74
K00253.01,11752906,6.464337703115016,2.729000366166239,0.5810,170.6046220,1.75040,0.5760,290.0,68.24,3757.00,5689.0,12.37
K00250.01,9757613,12.826672617565404,2.7888017917133263,0.5370,170.3980900,2.70960,0.5370,290.1,-46.84,3879.00,5200.0,9.442
K00250.02,9757613,18.014793186363384,2.601567749160135,0.5370,149.8864790,2.03710,0.5370,290.1,-46.84,3879.00,5200.0,9.442
K00250.03,9757613,3.700781905066625,1.1923852183650618,0.5370,136.2607500,1.87170,0.5370,290.1,-46.84,3879.00,5200.0,9.442
K00573.01,8344004,6.046479457376396,2.9720488466757127,0.9580,172.5055800,3.31290,1.0890,290.1,63.52,5622.00,7362.0,9.333
K00427.01,10189546,25.087663915666113,4.086190009794319,0.8590,191.7412250,2.66020,0.9860,292.8,57.05,5312.00,5297.0,11.25
K00427.02,10189546,43.77459515966977,2.899249102187398,0.8590,153.7378600,5.41540,0.9860,292.8,57.05,5312.00,5297.0,11.25
K01082.01,10141900,6.670453962228715,1.7284256559766764,0.8000,135.2665700,2.59100,0.8430,292.8,59.02,4999.00,5585.0,9.525
K01082.02,10141900,4.201992041907997,1.4696793002915451,0.8000,133.0983300,2.19000,0.8430,292.8,59.02,4999.00,5585.0,9.525
K01082.03,10141900,1.2273088789377304,1.2937317784256561,0.8000,132.5336300,1.25920,0.8430,292.8,59.02,4999.00,5585.0,9.525
K00369.01,7175184,6.099039587546901,1.5229518072289159,1.0720,174.4255400,1.95310,1.4310,294.4,65.17,6070.00,5943.0,9.586
K00159.01,8972058,8.759865067313411,2.663128876636802,1.0320,136.7392300,4.24470,1.1710,295.6,60.66,5881.00,4914.0,12.34
K00577.01,8558011,38.76466759339498,2.379355716878403,0.8080,178.5555500,5.04000,0.8880,296.7,57.41,5244.00,4720.0,11.09
K00070.02,6850504,3.747371708871053,1.7024372230428357,0.8760,134.5014000,2.46300,0.9250,298.3,70.71,5465.00,6412.0,8.427
K00070.01,6850504,11.004598884937218,2.859711964549483,0.8760,138.6080310,3.77680,0.9250,298.3,70.71,5465.00,6412.0,8.427
K00070.03,6850504,78.6876033700246,2.4771418020679463,0.8760,164.7292000,7.17860,0.9250,298.3,70.71,5465.00,6412.0,8.427
K00070.04,6850504,6.183118639779027,0.8033973412112259,0.8760,135.9290600,2.98150,0.9250,298.3,70.71,5465.00,6412.0,8.427
K00872.01,7109675,35.06344431161616,8.551989485004183,0.8820,186.6803430,4.40560,0.9300,302.3,70.56,5149.00,5395.0,11.38
K00481.01,11192998,7.710965192121026,2.3150984682713345,0.8350,171.9723520,2.75200,0.7460,302.9,64.61,5409.00,4445.0,10.98
K00481.02,11192998,1.5663383634584012,1.6004376367614879,0.8350,169.8303040,1.76640,0.7460,302.9,64.61,5409.00,4445.0,10.98
K00457.01,7440748,4.991719422139986,2.145011709601874,0.8270,174.2993220,1.88060,0.7990,303.7,56.07,5076.00,6310.0,8.943999999999999
K02694.01,9475552,0.8477828356359954,1.6346153846153844,0.8090,131.9661740,1.44740,0.8560,304.2,8.443,4818.00,8091.0,7.065
K00834.01,5436502,23.55317420818762,7.67431659249841,1.0830,171.3761070,8.21830,1.3840,310.2,-77.93,5739.00,5649.0,10.12
K00834.02,5436502,13.17728429118662,2.976350921805467,1.0830,140.3219600,6.73720,1.3840,310.2,-77.93,5739.00,5649.0,10.12
K00834.03,5436502,6.129443687021979,2.256579783852511,1.0830,134.8165600,4.98430,1.3840,310.2,-77.93,5739.00,5649.0,10.12
K00834.04,5436502,2.081926086928502,1.575715193897012,1.0830,134.1746200,3.38800,1.3840,310.2,-77.93,5739.00,5649.0,10.12
K00220.01,7132798,2.5188887135077795,3.576191827468786,0.9280,132.9400790,2.56130,0.8300,311.3,61.68,5598.00,4476.0,11.99
K06132.01,5629353,34.196711729053895,12.785087719298245,1.3520,150.0494000,6.52650,1.6510,316.9,18.05,6264.00,4879.0,9.946
K06132.02,5629353,7.783963319169257,5.7336201079622136,1.3520,137.8470000,3.91800,1.6510,316.9,18.05,6264.00,4879.0,9.946
K00116.01,8395660,14.092913121086688,2.6046063939498114,0.9510,136.2791940,3.35390,1.0120,317.1,58.03,5854.00,5358.0,10.77
K00116.02,8395660,45.53129243742908,2.8315228600893785,0.9510,151.9353800,6.80200,1.0120,317.1,58.03,5854.00,5358.0,10.77
K00116.03,8395660,6.4020670794504015,0.7794087315228603,0.9510,135.6391600,3.26200,1.0120,317.1,58.03,5854.00,5358.0,10.77
K00339.01,10587105,2.0563788335182176,2.0330296127562644,1.0050,170.1396010,2.47430,1.1890,318.5,64.01,6078.00,6138.0,9.935
K00339.02,10587105,13.327168481425925,2.468678815489749,1.0050,138.3262600,3.84600,1.1890,318.5,64.01,6078.00,6138.0,9.935
K00581.01,8822216,6.807143603171119,3.34766081871345,1.0100,175.9142810,2.73740,0.8930,319.7,-63.93,5713.00,5875.0,9.823
K00408.01,5351250,7.093677657091356,3.3466094420600854,0.8990,173.0726590,3.11520,0.9140,321.6,18.0,5559.00,6252.0,8.413
K00408.02,5351250,12.070398816583626,2.6812017167381974,0.8990,166.7948300,3.76470,0.9140,321.6,18.0,5559.00,6252.0,8.413
K00408.03,5351250,29.6221936697073,3.11175965665236,0.8990,153.0150300,5.91400,0.9140,321.6,18.0,5559.00,6252.0,8.413
K01102.01,3231341,12.096065964318058,4.152688803996474,0.8840,137.5878200,6.22100,1.2400,321.9,0.7178,5896.00,5152.0,10.36
K01102.02,3231341,7.98839594586866,3.4572142227446374,0.8840,140.5681100,5.07300,1.2400,321.9,0.7178,5896.00,5152.0,10.36
K01102.03,3231341,18.632877290818023,43.51251836614752,0.8840,144.7415700,4.52900,1.2400,321.9,0.7178,5896.00,5152.0,10.36
K00159.01,8972058,9.212083742583264,2.8298791651409734,1.0320,136.7392300,4.24470,1.1710,331.5,6.011,5881.00,5495.0,10.07
K00730.01,10227020,14.998301433366787,3.4214346956273225,1.0550,176.7939900,6.11910,1.2480,331.9,37.05,5814.00,6194.0,8.638
K00730.02,10227020,9.988520995319771,2.6501286081737643,1.0550,138.3884500,5.74710,1.2480,331.9,37.05,5814.00,6194.0,8.638
K00730.03,10227020,20.005313239940712,3.5302086310374396,1.0550,135.0592300,7.20200,1.2480,331.9,37.05,5814.00,6194.0,8.638
K00692.01,8557374,2.4517344198472006,1.3431283219438117,1.0870,171.8431500,1.81130,1.0080,333.0,52.57,5736.00,5834.0,9.454
K00094.01,6462863,21.92993016930265,10.09858695652174,1.1060,132.7416410,6.66405,1.3310,333.5,-81.68,6181.00,4242.0,11.5
K00094.02,6462863,10.230984119803919,3.760434782608696,1.1060,138.0090410,5.22570,1.3310,333.5,-81.68,6181.00,4242.0,11.5
K00094.03,6462863,53.315796353967556,6.135978260869566,1.1060,161.2398690,8.58580,1.3310,333.5,-81.68,6181.00,4242.0,11.5
K00864.01,6849310,4.162404042713035,3.002835606604451,0.9560,173.5764830,2.72510,0.9270,335.2,-20.33,5527.00,5662.0,9.767000000000001
K00864.02,6849310,19.355826728067427,2.597307968413496,0.9560,188.0882100,4.55600,0.9270,335.2,-20.33,5527.00,5662.0,9.767000000000001
K00232.03,4833421,21.354981083411477,2.113671399594321,0.9950,142.9672800,4.49680,1.1910,339.5,52.74,6038.00,4899.0,11.14
K00232.02,4833421,5.704050849162517,2.2009330628803245,0.9950,134.0172500,3.83140,1.1910,339.5,52.74,6038.00,4899.0,11.14
K00232.01,4833421,12.331717203454913,5.4780933062880335,0.9950,134.0032580,5.00660,1.1910,339.5,52.74,6038.00,4899.0,11.14
K00232.04,4833421,37.58693097008388,2.3172819472616637,0.9950,162.9798400,6.77510,1.1910,339.5,52.74,6038.00,4899.0,11.14
K01163.01,10468940,2.806115455605356,1.8846625766871166,0.8670,135.7182900,1.77100,1.0020,348.4,15.07,5359.00,5212.0,9.972000000000001
K00148.01,5735762,4.87493342758261,1.803213909378293,0.8560,124.0614650,2.73610,0.8730,349.7,-18.76,5192.00,5483.0,9.953
K00148.02,5735762,9.870212098649793,2.5634878819810325,0.8560,125.3394180,3.26410,0.8730,349.7,-18.76,5192.00,5483.0,9.953
K00331.01,10285631,18.334768485196808,3.5294619072988818,1.0380,170.8324500,6.93290,1.6140,351.6,64.15,5548.00,6194.0,8.266
K00085.01,5866724,5.7398371962135855,2.6209084354722427,1.2310,132.0405280,4.01850,1.4240,353.9,42.06,6181.00,5321.0,9.917
K00085.02,5866724,2.1107465613813847,1.4537851478010095,1.2310,133.4986130,3.13410,1.4240,353.9,42.06,6181.00,5321.0,9.917
K00232.01,4833421,12.217080709379221,5.825273722627738,0.9950,134.0032580,5.00660,1.1910,356.0,70.4,6038.00,5383.0,7.294
K00232.02,4833421,5.6510255988596425,2.3404197080291973,0.9950,134.0172500,3.83140,1.1910,356.0,70.4,6038.00,5383.0,7.294
K00232.03,4833421,21.156463705655753,2.247627737226278,0.9950,142.9672800,4.49680,1.1910,356.0,70.4,6038.00,5383.0,7.294
K00232.04,4833421,37.237520266093014,2.4641423357664234,0.9950,162.9798400,6.77510,1.1910,356.0,70.4,6038.00,5383.0,7.294
K00430.01,10717241,12.764748680447738,2.481930981000388,0.6220,179.4049450,2.70750,0.6070,356.3,-45.51,4200.00,4858.0,10.66
K01015.01,8158127,9.825309042355334,4.532108486439195,1.2040,140.1046000,4.44810,1.8600,357.1,35.09,5897.00,5902.0,8.785
K01015.02,8158127,4.260881782097233,2.436395450568679,1.2040,135.7640200,3.58500,1.8600,357.1,35.09,5897.00,5902.0,8.785
K00730.02,10227020,9.411358044809646,2.604846174789001,1.0550,138.3884500,5.74710,1.2480,358.0,28.41,5814.00,6353.0,8.014
K00730.01,10227020,14.131660224725561,3.3629730465559486,1.0550,176.7939900,6.11910,1.2480,358.0,28.41,5814.00,6353.0,8.014
K00730.03,10227020,18.8493537519591,3.469888374625646,1.0550,135.0592300,7.20200,1.2480,358.0,28.41,5814.00,6353.0,8.014
