10947.154813693493,_in/0_0
10957.321821994788,_in/0_0
33.730206269945484,_in/0_0
170487.39691586653,_in/0_1
55239.36647888935,_in/0_1
984.4600764286588,_in/0_1
5742.896258916531,_in/0_2
3675.230655274412,_in/0_2
9.263480255263858,_in/0_2
28527.5956040592,_in/0_3
22414.9596585259,_in/0_3
15.492175753141055,_in/0_3
1917.8649194277878,_in/0_4
1959.8747455533794,_in/0_4
4.601405794277525,_in/0_4
1005.4970140499308,_in/0_5
1001.8725992096524,_in/0_5
2.739800279319752,_in/0_5
9089.128134726418,_in/0_6
8556.142386796473,_in/0_6
6.402080742474936,_in/0_6
4559.578188167128,_in/0_7
6337.533290382242,_in/0_7
24.3335928368615,_in/0_7
33637.46524453801,_in/0_8
23804.885949660315,_in/0_8
19.709641455847304,_in/0_8
6251.744989523024,_in/0_9
6332.046126549365,_in/0_9
7.2396984184742905,_in/0_9
8870.900832403859,_in/0_10
8709.870940633176,_in/0_10
2.739769233041443,_in/0_10
21340.34410980082,_in/0_11
27566.671808378247,_in/0_11
120.60142515570624,_in/0_11
56715.99003545652,_in/0_12
139477.64863162127,_in/0_12
273.64680173946545,_in/0_12
5444.247955520124,_in/0_13
5502.586180500603,_in/0_13
18.823483018146362,_in/0_13
91.99803592082753,_in/0_14
93.20563390670577,_in/0_14
1.5118896368076093,_in/0_14
44863.20752001103,_in/0_15
26110.957680858934,_in/0_15
453.0426010641386,_in/0_15
194225.67223841455,_in/0_16
58378.10297378444,_in/0_16
388.2323482586071,_in/0_16
5919.855768546329,_in/0_17
6267.901807718,_in/0_17
23.023030320124235,_in/0_17
134.4184245445649,_in/0_18
136.84451132972026,_in/0_18
1.0665764542427496,_in/0_18
9441.416970282677,_in/0_19
15396.713737665443,_in/0_19
394.03359505200024,_in/0_19
6634.40731108014,_in/0_20
6282.134782960942,_in/0_20
2.822871531905548,_in/0_20
4663.442774041352,_in/0_21
4326.076238868933,_in/0_21
3.222700418133172,_in/0_21
33733.84174284394,_in/0_22
16080.408229337772,_in/0_22
54.51220004202332,_in/0_22
112.6048841769225,_in/0_23
111.6307570610661,_in/0_23
1.035158360224159,_in/0_23
2513.169414376989,_in/0_24
2504.8087942829106,_in/0_24
2.548675773687137,_in/0_24
10304.567342894867,_in/0_25
9133.279077185465,_in/0_25
5.420391189400107,_in/0_25
5117.497437758779,_in/0_26
5251.1613019280485,_in/0_26
12.33959413523553,_in/0_26
7258.726695387522,_in/0_27
7750.399349340936,_in/0_27
4.950286964827683,_in/0_27
23390.364080386702,_in/0_28
20426.847484765076,_in/0_28
25.563782232056838,_in/0_28
7547.334233267524,_in/0_29
7822.793296393997,_in/0_29
3.5707113769021817,_in/0_29
2503.461547925197,_in/0_30
2631.3268236973463,_in/0_30
6.196981596032856,_in/0_30
21551.61632756145,_in/0_31
30485.705708558846,_in/0_31
52.36018116743071,_in/0_31
27736.871319765807,_in/0_32
25483.324337069644,_in/0_32
32.1329491941724,_in/0_32
8223.955795823073,_in/0_33
9071.176466590725,_in/0_33
11.971806403715163,_in/0_33
601.8726656797171,_in/0_34
619.4530481618403,_in/0_34
2.656010930921184,_in/0_34
2618.68965531062,_in/0_35
495.5298550685402,_in/0_35
1456.4288827903129,_in/0_35
126.74741161881593,_in/0_36
1191.589464739479,_in/0_36
27.550733267860778,_in/0_36
11800.635435683827,_in/0_37
11092.410097026965,_in/0_37
2.9946427327340643,_in/0_37
9767.55639366321,_in/0_38
10404.597814375124,_in/0_38
29.333038956974633,_in/0_38
98.70738122858165,_in/0_39
101.45794348316849,_in/0_39
1.274000931356568,_in/0_39
1146.4741507416202,_in/0_40
1210.8493693290839,_in/0_40
7.098600841592997,_in/0_40
23018.643811293994,_in/0_41
29311.217607378465,_in/0_41
316.1424518386484,_in/0_41
63168.5737697784,_in/0_42
149890.88955023425,_in/0_42
16.22029084933456,_in/0_42
23017.078086046884,_in/0_43
13984.464950506148,_in/0_43
33.43936030367331,_in/0_43
17288.130045112863,_in/0_44
15153.926096101903,_in/0_44
4.714277740917169,_in/0_44
31875.41079865555,_in/0_45
202452.01477574685,_in/0_45
2937.0178879204905,_in/0_45
48220.07833889331,_in/0_46
16419.052324194887,_in/0_46
399.77906100515975,_in/0_46
10741.335705772199,_in/0_47
9070.24197413521,_in/0_47
4.718544173989358,_in/0_47
812.5515949956316,_in/0_48
817.0366142646526,_in/0_48
9.540490296616554,_in/0_48
8240.715459988598,_in/0_49
10799.598621598037,_in/0_49
70.8782458038022,_in/0_49
119.14100916782627,_in/0_50
119.38338309210667,_in/0_50
1.7657517230381927,_in/0_50
8159.022061832157,_in/0_51
8025.352464502641,_in/0_51
3.1854039251848008,_in/0_51
49328.237257689005,_in/0_52
36019.947706928244,_in/0_52
171.0340231260634,_in/0_52
20568.32725584542,_in/0_53
18700.226883832285,_in/0_53
7.348753719012166,_in/0_53
13715.101757328986,_in/0_54
13010.393545498537,_in/0_54
7.849643544326682,_in/0_54
4756.647018090217,_in/0_55
4791.401516913102,_in/0_55
7.42511468075827,_in/0_55
23457.47634721129,_in/0_56
23119.01015809692,_in/0_56
8.31990465160925,_in/0_56
16401.821041726624,_in/0_57
17555.106065004307,_in/0_57
30.438638147956226,_in/0_57
59406.2421422475,_in/0_58
35571.024444316405,_in/0_58
644.0718161626428,_in/0_58
3053.2001501967898,_in/0_59
2805.855358900968,_in/0_59
13.466367609769804,_in/0_59
13622.975178787117,_in/0_60
7758.198561606556,_in/0_60
64.3470932735454,_in/0_60
163.0319453033735,_in/0_61
164.11269979190547,_in/0_61
1.324683684433694,_in/0_61
39331.586535147944,_in/0_62
28442.10306002987,_in/0_62
17.230870139668696,_in/0_62
2683.634089496778,_in/0_63
2807.7860144849956,_in/0_63
4.797421800438315,_in/0_63
1729.6522788655875,_in/0_64
1750.1692435849127,_in/0_64
1.6041429177712416,_in/0_64
712.2062021020902,_in/0_65
748.8011853489234,_in/0_65
2.9146881685883272,_in/0_65
7039.632138616173,_in/0_66
6831.902527256461,_in/0_66
1.4550692062475719,_in/0_66
34903.99136388232,_in/0_67
43780.39471959206,_in/0_67
180.599051491532,_in/0_67
14090.384882342934,_in/0_68
21491.63685597692,_in/0_68
27.284307692898437,_in/0_68
24901.041282161834,_in/0_69
23106.08628434558,_in/0_69
28.168923004683165,_in/0_69
16282.517908820424,_in/0_70
24140.075616317194,_in/0_70
31.22426028146583,_in/0_70
4266.351570195362,_in/0_71
5693.938459127681,_in/0_71
37.354673073448794,_in/0_71
30650.70571873462,_in/0_72
18852.649235128978,_in/0_72
108.18108543370363,_in/0_72
69642.69348621879,_in/0_73
23387.76349681548,_in/0_73
3329.242437282868,_in/0_73
58203.18061378936,_in/0_74
22968.68402815913,_in/0_74
565.860871334502,_in/0_74
708.3564417256857,_in/0_75
785.1848163886461,_in/0_75
3.8179613613228867,_in/0_75
141.09496722758922,_in/0_76
144.83690622601716,_in/0_76
3.038533942832146,_in/0_76
8123.2356143612415,_in/0_77
8640.538021982764,_in/0_77
12.546662242501043,_in/0_77
2272.9614324369177,_in/0_78
2491.559250078397,_in/0_78
17.22386448789257,_in/0_78
10012.439509700693,_in/0_79
9658.741695325647,_in/0_79
7.90158443589462,_in/0_79
762.1865458476532,_in/0_80
766.5898131527501,_in/0_80
4.258935987147197,_in/0_80
11583.457502604026,_in/0_81
11880.123652619164,_in/0_81
4.085332900580397,_in/0_81
3110.892496241897,_in/0_82
3302.249566779996,_in/0_82
4.3925438623991795,_in/0_82
25035.481928302383,_in/0_83
21148.196853469824,_in/0_83
11.981770775688346,_in/0_83
2969.978460515471,_in/0_84
3041.1072770596948,_in/0_84
4.726562960044248,_in/0_84
159942.44915264385,_in/0_85
81638.03508574129,_in/0_85
336.63202890375396,_in/0_85
1167.0467497941572,_in/0_86
1146.4101392630837,_in/0_86
3.3797500713353656,_in/0_86
1823.9627197941882,_in/0_87
1620.0245885715121,_in/0_87
2.0715311748790555,_in/0_87
1055.1569898780144,_in/0_88
1124.8259228228417,_in/0_88
5.979106432423578,_in/0_88
10517.788109822483,_in/0_89
10436.749078832196,_in/0_89
3.77927224591258,_in/0_89
96030.43989629456,_in/0_90
49962.45729481366,_in/0_90
15792.741943639936,_in/0_90
14014.152330608742,_in/0_91
11605.98147327661,_in/0_91
11.645021753385663,_in/0_91
3960.974413968448,_in/0_92
3269.880069098901,_in/0_92
17.418046604143456,_in/0_92
12.367986405704869,_in/0_93
11.098085715057096,_in/0_93
1.6310747795978386,_in/0_93
507.1057433645474,_in/0_94
514.7971415355569,_in/0_94
2.0686348055842245,_in/0_94
8972.353273985384,_in/0_95
8218.966386820015,_in/0_95
23.12992163305171,_in/0_95
14581.019232994935,_in/0_96
13130.477311790979,_in/0_96
2.274502141372068,_in/0_96
16672.04534262745,_in/0_97
18675.18096100645,_in/0_97
75.37886866559711,_in/0_97
600.0037457848375,_in/0_98
670.9794654868601,_in/0_98
2.7655474001949187,_in/0_98
41239.93786031039,_in/0_99
98435.38338319867,_in/0_99
1515.948359970178,_in/0_99
0.6263727119658142,_in/1_0
0.5510454276227392,_in/1_0
0.1162558819851256,_in/1_1
0.21730660157481907,_in/1_1
0.12980880407849327,_in/1_2
0.23933247968670912,_in/1_2
0.11754126439336687,_in/1_3
0.20214529801160097,_in/1_3
0.5894720658361621,_in/1_4
0.49352869438007474,_in/1_4
1.0514659718610346,_in/1_5
0.8498612855910324,_in/1_5
0.07974540668146801,_in/1_6
0.2155866632820107,_in/1_6
2.6180385801744706,_in/1_7
1.862029028357938,_in/1_7
1.5123596527555492,_in/1_8
0.9991930490941741,_in/1_8
0.33858454119945236,_in/1_9
0.39898390181588184,_in/1_9
0.581674880522769,_in/1_10
0.5792301686451538,_in/1_10
2.916079139278736,_in/1_11
2.042104640218895,_in/1_11
0.6587071987451054,_in/1_12
0.5149669843376614,_in/1_12
0.10206489270785823,_in/1_13
0.20701520406873897,_in/1_13
0.2551976506365463,_in/1_14
0.2675984106317628,_in/1_14
0.4051890245755203,_in/1_15
0.46655442053452134,_in/1_15
3.8014856805093586,_in/1_16
2.8170351976295933,_in/1_16
10.054262824822217,_in/1_17
6.977599457430188,_in/1_17
0.1560940573690459,_in/1_18
0.3058000129676657,_in/1_18
0.5024683293831913,_in/1_19
0.5160870881227311,_in/1_19
0.07141408417373896,_in/1_20
0.2547283706953749,_in/1_20
0.20877069806374493,_in/1_21
0.3435727932082955,_in/1_21
0.3825083431438543,_in/1_22
0.3164034223591443,_in/1_22
0.8521912596370385,_in/1_23
0.7642251427114388,_in/1_23
0.28094080408664013,_in/1_24
0.3458474688231945,_in/1_24
0.29443112792796455,_in/1_25
0.3294078961480409,_in/1_25
0.9234805730520748,_in/1_26
0.7249767655157484,_in/1_26
0.49021672492563084,_in/1_27
0.42092264135862933,_in/1_27
0.48791635694215074,_in/1_28
0.46852581325219944,_in/1_28
4.23091051101801,_in/1_29
2.6971437543979846,_in/1_29
0.62245464354055,_in/1_30
0.3589463855023496,_in/1_30
0.472382856241893,_in/1_31
0.42637588985962793,_in/1_31
1.3563689369930216,_in/1_32
1.01056823440058,_in/1_32
2.486249159061117,_in/1_33
1.754703242389951,_in/1_33
11.990686517156064,_in/1_34
7.70979850402091,_in/1_34
0.7092349515878595,_in/1_35
0.6406664035166614,_in/1_35
0.21011089204512245,_in/1_36
0.24147239289595746,_in/1_36
1.8756992508569965,_in/1_37
1.1952837686967541,_in/1_37
0.9450975058516633,_in/1_38
0.8458013672989182,_in/1_38
0.2632652324373339,_in/1_39
0.21870371783006703,_in/1_39
2.112574077444151,_in/1_40
1.600564026273787,_in/1_40
0.19356964476173744,_in/1_41
0.20295807896764018,_in/1_41
4.530073675847234,_in/1_42
2.8071424699805902,_in/1_42
1.2645575689384714,_in/1_43
0.7446362977498211,_in/1_43
0.0887287455261685,_in/1_44
0.2798039395129308,_in/1_44
2.306682087102672,_in/1_45
1.7436262399010047,_in/1_45
3.0411419082665816,_in/1_46
2.080299736117013,_in/1_46
0.20350383032564423,_in/1_47
0.25094645330682397,_in/1_47
0.3385847239405848,_in/1_48
0.3230950750876218,_in/1_48
1.4805957624539587,_in/1_49
1.225390124018304,_in/1_49
0.6029810805084708,_in/1_50
0.311147590757173,_in/1_50
0.30000553716672584,_in/1_51
0.3153066589147784,_in/1_51
1.0648509161546826,_in/1_52
0.6677895081229508,_in/1_52
5.494147401612281,_in/1_53
3.576435267913439,_in/1_53
0.7925747999215673,_in/1_54
0.5959316098378622,_in/1_54
0.13060018321812095,_in/1_55
0.31725111792911775,_in/1_55
0.32808752794517204,_in/1_56
0.28306718595331404,_in/1_56
0.11525366779824253,_in/1_57
0.22389341599773616,_in/1_57
0.27474724740022793,_in/1_58
0.30550404015230015,_in/1_58
2.0302975161466748,_in/1_59
1.568336659052875,_in/1_59
1.7553691050270572,_in/1_60
1.4267056200187653,_in/1_60
3.6885080134379677,_in/1_61
2.273537175904494,_in/1_61
0.09409412025706843,_in/1_62
0.2400406282977201,_in/1_62
1.1609941996866837,_in/1_63
0.70932519773487,_in/1_63
0.2900297889718786,_in/1_64
0.3677256577066146,_in/1_64
0.10836484597530216,_in/1_65
0.24471510865259916,_in/1_65
0.3146236868633423,_in/1_66
0.3814170467085205,_in/1_66
0.33781197638018057,_in/1_67
0.39692852714506444,_in/1_67
1.3583759875818942,_in/1_68
1.0882558692119346,_in/1_68
0.07086122395412531,_in/1_69
0.2286406508355867,_in/1_69
0.9942528769606724,_in/1_70
0.8044259432936087,_in/1_70
0.13020968704950064,_in/1_71
0.2018737703037914,_in/1_71
0.23044517377093143,_in/1_72
0.31173632374475346,_in/1_72
0.7433346281759441,_in/1_73
0.5623372190166265,_in/1_73
5.568812367422652,_in/1_74
3.5066552203411447,_in/1_74
1.0337425282923505,_in/1_75
0.6754466167185456,_in/1_75
1.866716265620198,_in/1_76
1.2030829734285362,_in/1_76
0.14270015707006678,_in/1_77
0.24446893452841323,_in/1_77
0.8179868705046829,_in/1_78
0.613943590350118,_in/1_78
0.20078957563237054,_in/1_79
0.2516283456934616,_in/1_79
3.6789084896427084,_in/1_80
2.4003108026136033,_in/1_80
0.2294627953087911,_in/1_81
0.343747379607521,_in/1_81
0.482317145288107,_in/1_82
0.3945204701158218,_in/1_82
3.245459180301623,_in/1_83
2.1303499278792515,_in/1_83
0.8092322828815668,_in/1_84
0.5856475229948046,_in/1_84
0.7031657115458074,_in/1_85
0.4903465960455833,_in/1_85
1.892756210258085,_in/1_86
1.1439805853851794,_in/1_86
1.2664126516319811,_in/1_87
0.8256210066028871,_in/1_87
0.23650011292193085,_in/1_88
0.281710646871943,_in/1_88
0.6932818797649816,_in/1_89
0.5463021636824124,_in/1_89
9.421006528828002,_in/1_90
6.289173904881409,_in/1_90
0.12843766569858417,_in/1_91
0.3000119126518257,_in/1_91
2.9707873084335006,_in/1_92
1.7886302235860967,_in/1_92
0.6650466411683738,_in/1_93
0.5025624722766224,_in/1_93
5.941449565167204,_in/1_94
3.864062772283887,_in/1_94
0.1731149607221596,_in/1_95
0.22793258708452413,_in/1_95
0.8571735198493116,_in/1_96
0.6814993781736121,_in/1_96
10.71240600625606,_in/1_97
7.301162710659355,_in/1_97
1.430865237249236,_in/1_98
1.0534727212643702,_in/1_98
1.0272168509618496,_in/1_99
0.7426708203129238,_in/1_99
3.3005562727339566e-09,_in/2_0
4.780304152518511e-09,_in/2_1
2.5393092073500156e-09,_in/2_2
3.257810021750629e-09,_in/2_3
4.224602889735252e-09,_in/2_4
4.219145921524614e-09,_in/2_5
4.8339643399231136e-09,_in/2_6
2.88855517283082e-09,_in/2_7
4.294633981771767e-09,_in/2_8
4.762114258483052e-09,_in/2_9
5.386027623899281e-09,_in/2_10
3.3387550502084196e-09,_in/2_11
3.3651303965598345e-09,_in/2_12
2.9995135264471173e-09,_in/2_13
4.613866622094065e-09,_in/2_14
3.6343408282846212e-09,_in/2_15
3.778040991164744e-09,_in/2_16
3.372406354174018e-09,_in/2_17
4.166395228821784e-09,_in/2_18
4.331013769842684e-09,_in/2_19
3.8080543163232505e-09,_in/2_20
3.969034878537059e-09,_in/2_21
4.562025424093008e-09,_in/2_22
4.136381903663278e-09,_in/2_23
3.3405740396119654e-09,_in/2_24
4.622961569111794e-09,_in/2_25
4.0863596950657666e-09,_in/2_26
2.371962182223797e-09,_in/2_27
3.4797267289832234e-09,_in/2_28
4.471075953915715e-09,_in/2_29
4.106368578504771e-09,_in/2_30
3.609784471336752e-09,_in/2_31
4.3528416426852345e-09,_in/2_32
4.4447006075643e-09,_in/2_33
3.873537934850901e-09,_in/2_34
3.888999344781041e-09,_in/2_35
2.991328074131161e-09,_in/2_36
3.941750037483871e-09,_in/2_37
3.977220330853015e-09,_in/2_38
4.562025424093008e-09,_in/2_39
4.567482392303646e-09,_in/2_40
3.7052814150229096e-09,_in/2_41
4.963112587574869e-09,_in/2_42
4.0745362639427185e-09,_in/2_43
4.210960469208658e-09,_in/2_44
2.7466739993542433e-09,_in/2_45
4.0363374864682555e-09,_in/2_46
4.8867150326259434e-09,_in/2_47
3.5515768104232848e-09,_in/2_48
3.396962711121887e-09,_in/2_49
3.194145392626524e-09,_in/2_50
3.9344740798696876e-09,_in/2_51
4.749381332658231e-09,_in/2_52
3.81714926334098e-09,_in/2_53
4.729372449219227e-09,_in/2_54
4.0881786844693124e-09,_in/2_55
3.4397089621052146e-09,_in/2_56
3.8335201679728925e-09,_in/2_57
4.652065399568528e-09,_in/2_58
3.1150193535722792e-09,_in/2_59
3.1395757105201483e-09,_in/2_60
3.636159817688167e-09,_in/2_61
2.8812792152166367e-09,_in/2_62
4.096364136785269e-09,_in/2_63
3.5670382203534245e-09,_in/2_64
3.829882189165801e-09,_in/2_65
4.244611773174256e-09,_in/2_66
4.1127350414171815e-09,_in/2_67
3.3996911952272058e-09,_in/2_68
4.421963240019977e-09,_in/2_69
3.497007128316909e-09,_in/2_70
2.650267560966313e-09,_in/2_71
4.803041520062834e-09,_in/2_72
3.806235326919705e-09,_in/2_73
3.728928277269006e-09,_in/2_74
3.623426891863346e-09,_in/2_75
4.912180884275585e-09,_in/2_76
3.486093191895634e-09,_in/2_77
4.070898285135627e-09,_in/2_78
4.279172571841627e-09,_in/2_79
3.852619556710124e-09,_in/2_80
2.9849616112187505e-09,_in/2_81
2.6138877728953958e-09,_in/2_82
3.825334715656936e-09,_in/2_83
3.598870534915477e-09,_in/2_84
3.715285856742412e-09,_in/2_85
3.3678588806651533e-09,_in/2_86
3.4633558243513107e-09,_in/2_87
5.235960998106748e-09,_in/2_88
4.662979335989803e-09,_in/2_89
2.9094735509715974e-09,_in/2_90
4.305547918193042e-09,_in/2_91
4.773028194904327e-09,_in/2_92
4.083631210960448e-09,_in/2_93
4.287358024157584e-09,_in/2_94
4.0745362639427185e-09,_in/2_95
4.702997102867812e-09,_in/2_96
3.0231603886932135e-09,_in/2_97
4.6202330850064754e-09,_in/2_98
4.490175342652947e-09,_in/2_99
0.28883466028491966,_in/3_0
0.228116900078021,_in/3_0
0.26484399687615223,_in/3_1
0.10684163891710341,_in/3_1
7.883985506884983,_in/3_2
11.894050747948313,_in/3_2
0.2842669422389008,_in/3_3
0.15492885975982063,_in/3_3
0.29520783748012036,_in/3_4
0.23932792164123384,_in/3_4
0.5629724648606498,_in/3_5
0.9580653055163566,_in/3_5
1.050498801865615,_in/3_6
1.0186254617319719,_in/3_6
0.5833393708453514,_in/3_7
0.5355350332101807,_in/3_7
0.3195224984374363,_in/3_8
0.4130503833112016,_in/3_8
0.17253248979250202,_in/3_9
0.24823078815825284,_in/3_9
0.1963731784344418,_in/3_10
0.06948554038535804,_in/3_10
1.993491890199948,_in/3_11
2.7811373024596833,_in/3_11
0.26896929474605713,_in/3_12
0.12122937318054028,_in/3_12
2.170785637626068,_in/3_13
3.4574194095794155,_in/3_13
1.1980794137343764,_in/3_14
1.518678639549762,_in/3_14
0.5360194081586087,_in/3_15
0.9807032187891309,_in/3_15
1.262003256182652,_in/3_16
1.7832224675221369,_in/3_16
0.3109143739566207,_in/3_17
0.22819929709658027,_in/3_17
0.2796318926848471,_in/3_18
0.38850907515734434,_in/3_18
0.286885253211949,_in/3_19
0.1757869715220295,_in/3_19
2.3988409341545776,_in/3_20
3.1839199535315856,_in/3_20
0.6307955578668043,_in/3_21
0.9089122650912032,_in/3_21
0.22075144821428694,_in/3_22
0.05559738441661466,_in/3_22
3.066403517525032,_in/3_23
4.890851371427743,_in/3_23
0.4789047766244039,_in/3_24
0.37831552571879,_in/3_24
0.2550846528429247,_in/3_25
0.15329209473566152,_in/3_25
0.216575928585371,_in/3_26
0.09554679166831193,_in/3_26
1.99182908832654,_in/3_27
3.1143246122428536,_in/3_27
0.25044762467587134,_in/3_28
0.20508404733664065,_in/3_28
0.5508762698736973,_in/3_29
0.5394926901208237,_in/3_29
0.802669891579626,_in/3_30
1.2258744257014769,_in/3_30
1.6042835063608436,_in/3_31
2.609524597107338,_in/3_31
0.2891406824128353,_in/3_32
0.2212453467072919,_in/3_32
0.9926986219361424,_in/3_33
1.3728706762194633,_in/3_33
0.7546233571483754,_in/3_34
0.8563587810494937,_in/3_34
2.4026122203213163,_in/3_35
3.067103431909345,_in/3_35
5.083382228002392,_in/3_36
7.3112811867613345,_in/3_36
4.3518147028971725,_in/3_37
6.082516900607516,_in/3_37
0.39163930289214477,_in/3_38
0.3677195894997567,_in/3_38
0.2694342057366157,_in/3_39
0.20149904946083552,_in/3_39
2.5163559061538763,_in/3_40
3.7460701033432997,_in/3_40
0.4223322583711706,_in/3_41
0.27946537599200383,_in/3_41
0.3673674555757316,_in/3_42
0.2707170814201163,_in/3_42
0.3183316399517935,_in/3_43
0.2176499521947335,_in/3_43
0.16505754119862104,_in/3_44
0.2513048351975158,_in/3_44
0.38632914068875834,_in/3_45
0.30148083750827936,_in/3_45
0.3392196868881001,_in/3_46
0.2963600958146344,_in/3_46
0.984415997479573,_in/3_47
1.4201306380209644,_in/3_47
0.24233995321992552,_in/3_48
0.18123801704496145,_in/3_48
1.1463567433820572,_in/3_49
1.5311127914083045,_in/3_49
0.17041460905602435,_in/3_50
0.1918280646787025,_in/3_50
1.947990776563529,_in/3_51
2.6549076006631367,_in/3_51
0.2630488987197168,_in/3_52
0.13225024718303757,_in/3_52
0.42129121905963984,_in/3_53
0.41160903567651985,_in/3_53
0.3261452421102149,_in/3_54
0.513514466630113,_in/3_54
0.37467433479469037,_in/3_55
0.20810081338277087,_in/3_55
0.282681697543012,_in/3_56
0.20314744638744742,_in/3_56
0.37772867182502523,_in/3_57
0.3302328196587041,_in/3_57
0.5207909381715581,_in/3_58
0.6541848194901831,_in/3_58
1.6426903863816733,_in/3_59
2.1602194373263046,_in/3_59
0.46277862769784406,_in/3_60
0.4167097174213268,_in/3_60
1.844337913673371,_in/3_61
2.4461652819672963,_in/3_61
1.4851133155930256,_in/3_62
2.431834199745026,_in/3_62
0.803422516270075,_in/3_63
1.0787758018122986,_in/3_63
0.1880201792837397,_in/3_64
0.3893709562807999,_in/3_64
0.17635671261814423,_in/3_65
0.5137555222027004,_in/3_65
1.9231196290929802,_in/3_66
2.435317244788166,_in/3_66
0.21978370999568142,_in/3_67
0.13375242595157033,_in/3_67
0.48369681419353583,_in/3_68
0.5431149185924369,_in/3_68
0.5735575108483317,_in/3_69
0.6774897341383621,_in/3_69
0.34860106417909265,_in/3_70
0.4194589978797012,_in/3_70
0.43072146544000134,_in/3_71
0.40444772894261405,_in/3_71
0.22276344007696025,_in/3_72
0.1954297412376036,_in/3_72
4.1112343517597765,_in/3_73
5.685791015683208,_in/3_73
0.9463678190659266,_in/3_74
1.1583699362527113,_in/3_74
1.2021315715683158,_in/3_75
1.4755729548087402,_in/3_75
0.2689097419497557,_in/3_76
0.15344917587935925,_in/3_76
0.23501948978810105,_in/3_77
0.11163928539826884,_in/3_77
1.9520409504766576,_in/3_78
2.676605307671707,_in/3_78
0.6809233709936962,_in/3_79
0.8995375367749148,_in/3_79
0.18038116159732454,_in/3_80
0.1313549944316037,_in/3_80
0.3665630606369632,_in/3_81
0.36737556546449923,_in/3_81
1.1753409777302295,_in/3_82
1.7784486269811168,_in/3_82
0.2518903553755081,_in/3_83
0.15180860602049506,_in/3_83
8.993085459223948,_in/3_84
14.013664802509993,_in/3_84
5.095383525456782,_in/3_85
7.892855301937743,_in/3_85
0.8037675745072193,_in/3_86
0.9404898769544161,_in/3_86
0.4723213583620236,_in/3_87
0.6704350762083777,_in/3_87
3.3897013997775503,_in/3_88
4.691679878460491,_in/3_88
0.43065613831277005,_in/3_89
0.40761848661350086,_in/3_89
0.9399977304883578,_in/3_90
0.8848557832534425,_in/3_90
5.958314794639591,_in/3_91
9.134309303830378,_in/3_91
0.27022628135455307,_in/3_92
0.1769100305828033,_in/3_92
1.7788378842524253,_in/3_93
2.8770655025728047,_in/3_93
1.3014138200087473,_in/3_94
1.969246428227052,_in/3_94
0.4633691411581822,_in/3_95
0.3824185433331877,_in/3_95
1.1341744390665554,_in/3_96
1.7237038232269697,_in/3_96
0.8598310280940495,_in/3_97
1.3381987817119807,_in/3_97
1.8897217594053473,_in/3_98
2.9072414206866597,_in/3_98
0.26253866882325383,_in/3_99
0.13705942352225975,_in/3_99
1.4051693142391741e-09,_in/4_0
1.8308128346689045e-09,_in/4_1
1.3405951904132962e-09,_in/4_2
1.2978489394299686e-09,_in/4_3
1.3242242857813835e-09,_in/4_4
1.5697878552600741e-09,_in/4_5
1.1132215149700642e-09,_in/4_6
1.9681465346366167e-09,_in/4_7
1.3742464943788946e-09,_in/4_8
1.280568540096283e-09,_in/4_9
2.359229256398976e-09,_in/4_10
1.9053914002142847e-09,_in/4_11
1.8571881810203195e-09,_in/4_12
1.8098944565281272e-09,_in/4_13
2.3474058252759278e-09,_in/4_14
1.8308128346689045e-09,_in/4_15
2.0318111637607217e-09,_in/4_16
1.7807906260713935e-09,_in/4_17
1.2960299500264227e-09,_in/4_18
2.6193447411060333e-09,_in/4_19
1.8526407075114548e-09,_in/4_20
2.939486876130104e-09,_in/4_21
1.5388650353997946e-09,_in/4_22
2.0363586372695863e-09,_in/4_23
2.533852239139378e-09,_in/4_24
1.3887984096072614e-09,_in/4_25
1.3969838619232178e-09,_in/4_26
1.8935679690912366e-09,_in/4_27
2.4374458007514477e-09,_in/4_28
1.4260876923799515e-09,_in/4_29
1.7680577002465725e-09,_in/4_30
1.1705196811817586e-09,_in/4_31
9.868017514236271e-10,_in/4_32
1.6898411558941007e-09,_in/4_33
1.8062564777210355e-09,_in/4_34
1.9208528101444244e-09,_in/4_35
2.231899998150766e-09,_in/4_36
1.6398189472965896e-09,_in/4_37
1.446096575818956e-09,_in/4_38
1.5770638128742576e-09,_in/4_39
2.55931809078902e-09,_in/4_40
1.8362698028795421e-09,_in/4_41
2.446540747769177e-09,_in/4_42
1.2751115718856454e-09,_in/4_43
2.536580723244697e-09,_in/4_44
1.7535057850182056e-09,_in/4_45
2.041815605480224e-09,_in/4_46
1.5425030142068863e-09,_in/4_47
1.8681021174415946e-09,_in/4_48
1.6316334949806333e-09,_in/4_49
1.9308572518639266e-09,_in/4_50
2.434717316646129e-09,_in/4_51
2.471097104717046e-09,_in/4_52
2.648448571562767e-09,_in/4_53
1.8017090042121708e-09,_in/4_54
1.7971615307033062e-09,_in/4_55
1.6516423784196377e-09,_in/4_56
2.0436345948837698e-09,_in/4_57
1.6589183360338211e-09,_in/4_58
1.558873918838799e-09,_in/4_59
1.886292011477053e-09,_in/4_60
1.5188561519607902e-09,_in/4_61
2.270098775625229e-09,_in/4_62
1.5570549294352531e-09,_in/4_63
1.3387762010097504e-09,_in/4_64
2.0954757928848267e-09,_in/4_65
1.7389538697898388e-09,_in/4_66
2.1891537471674383e-09,_in/4_67
1.5306795830838382e-09,_in/4_68
2.092747308779508e-09,_in/4_69
1.6016201698221266e-09,_in/4_70
1.4752004062756896e-09,_in/4_71
2.219167072325945e-09,_in/4_72
1.4661054592579603e-09,_in/4_73
1.722582965157926e-09,_in/4_74
2.053639036603272e-09,_in/4_75
1.798980520106852e-09,_in/4_76
1.6070771380327642e-09,_in/4_77
2.444721758365631e-09,_in/4_78
1.4551915228366852e-09,_in/4_79
2.4110704544000328e-09,_in/4_80
2.359229256398976e-09,_in/4_81
2.153683453798294e-09,_in/4_82
1.6561898519285023e-09,_in/4_83
1.5279510989785194e-09,_in/4_84
1.5488694771192968e-09,_in/4_85
1.2732925824820995e-09,_in/4_86
2.281012712046504e-09,_in/4_87
1.4715624274685979e-09,_in/4_88
2.3728716769255698e-09,_in/4_89
1.367880031466484e-09,_in/4_90
1.076841726899147e-09,_in/4_91
1.1305019143037498e-09,_in/4_92
2.2100721253082156e-09,_in/4_93
2.015440259128809e-09,_in/4_94
2.0354491425678134e-09,_in/4_95
1.6298145055770874e-09,_in/4_96
1.799890014808625e-09,_in/4_97
1.9181243260391057e-09,_in/4_98
2.0181687432341278e-09,_in/4_99
1.8280843505635858e-09,_in/5_0
2.384695108048618e-09,_in/5_1
1.69893610291183e-09,_in/5_2
1.6134436009451747e-09,_in/5_3
1.2078089639544487e-09,_in/5_4
2.115484676323831e-09,_in/5_5
2.1082087187096477e-09,_in/5_6
1.8353603081777692e-09,_in/5_7
2.4247128749266267e-09,_in/5_8
1.2150849215686321e-09,_in/5_9
2.342858351767063e-09,_in/5_10
1.5115801943466067e-09,_in/5_11
1.3005774235352874e-09,_in/5_12
1.7189449863508344e-09,_in/5_13
2.266460796818137e-09,_in/5_14
2.688466338440776e-09,_in/5_15
2.0227162167429924e-09,_in/5_16
1.6425474314019084e-09,_in/5_17
1.5697878552600741e-09,_in/5_18
1.90084392670542e-09,_in/5_19
1.648004399612546e-09,_in/5_20
2.281012712046504e-09,_in/5_21
2.4774635676294565e-09,_in/5_22
1.8972059478983283e-09,_in/5_23
2.164597390219569e-09,_in/5_24
2.0881998352706432e-09,_in/5_25
1.673470251262188e-09,_in/5_26
2.3246684577316046e-09,_in/5_27
2.1445885067805648e-09,_in/5_28
1.2187229003757238e-09,_in/5_29
2.106389729306102e-09,_in/5_30
1.3969838619232178e-09,_in/5_31
2.4119799491018057e-09,_in/5_32
2.0372681319713593e-09,_in/5_33
1.915395841933787e-09,_in/5_34
1.775333657860756e-09,_in/5_35
1.7917045624926686e-09,_in/5_36
1.6025296645238996e-09,_in/5_37
1.8408172763884068e-09,_in/5_38
1.8353603081777692e-09,_in/5_39
1.9990693544968963e-09,_in/5_40
2.0572770154103637e-09,_in/5_41
1.4679244486615062e-09,_in/5_42
1.8590071704238653e-09,_in/5_43
8.731149137020111e-10,_in/5_44
1.2114469427615404e-09,_in/5_45
2.381057129241526e-09,_in/5_46
2.153683453798294e-09,_in/5_47
1.6661942936480045e-09,_in/5_48
1.8608261598274112e-09,_in/5_49
1.5697878552600741e-09,_in/5_50
1.0677467798814178e-09,_in/5_51
2.1518644643947482e-09,_in/5_52
1.57160684466362e-09,_in/5_53
1.4151737559586763e-09,_in/5_54
1.5352270565927029e-09,_in/5_55
2.1609594114124775e-09,_in/5_56
1.3351382222026587e-09,_in/5_57
1.6407284419983625e-09,_in/5_58
1.8335413187742233e-09,_in/5_59
3.028617356903851e-09,_in/5_60
2.0208972273394465e-09,_in/5_61
2.0318111637607217e-09,_in/5_62
1.9226717995479703e-09,_in/5_63
1.937223714776337e-09,_in/5_64
2.0881998352706432e-09,_in/5_65
2.0463630789890885e-09,_in/5_66
1.2369127944111824e-09,_in/5_67
1.6661942936480045e-09,_in/5_68
1.873559085652232e-09,_in/5_69
1.962689566425979e-09,_in/5_70
2.066371962428093e-09,_in/5_71
1.4842953532934189e-09,_in/5_72
1.786247594282031e-09,_in/5_73
1.597072696313262e-09,_in/5_74
1.964508555829525e-09,_in/5_75
2.068190951831639e-09,_in/5_76
2.17733031604439e-09,_in/5_77
2.7812347980216146e-09,_in/5_78
2.1827872842550278e-09,_in/5_79
6.402842700481415e-10,_in/5_80
1.7917045624926686e-09,_in/5_81
1.877197064459324e-09,_in/5_82
1.7316779121756554e-09,_in/5_83
1.7025740817189217e-09,_in/5_84
1.1696101864799857e-09,_in/5_85
1.4752004062756896e-09,_in/5_86
1.979060471057892e-09,_in/5_87
1.7771526472643018e-09,_in/5_88
1.5879777492955327e-09,_in/5_89
2.359229256398976e-09,_in/5_90
1.3369572116062045e-09,_in/5_91
2.5411281967535615e-09,_in/5_92
1.533408067189157e-09,_in/5_93
2.228262019343674e-09,_in/5_94
2.0863808458670974e-09,_in/5_95
2.077285898849368e-09,_in/5_96
1.889929990284145e-09,_in/5_97
2.2337189875543118e-09,_in/5_98
2.168235369026661e-09,_in/5_99
0,_in/6_00,_in/6_00,_in/6_00,_in/6_00,_in/6_10,_in/6_10,_in/6_10,_in/6_10,_in/6_20,_in/6_20,_in/6_20,_in/6_20,_in/6_30,_in/6_30,_in/6_30,_in/6_30,_in/6_40,_in/6_40,_in/6_40,_in/6_40,_in/6_50,_in/6_50,_in/6_50,_in/6_50,_in/6_60,_in/6_60,_in/6_60,_in/6_60,_in/6_70,_in/6_70,_in/6_70,_in/6_70,_in/6_80,_in/6_80,_in/6_80,_in/6_80,_in/6_90,_in/6_90,_in/6_90,_in/6_90,_in/6_100,_in/6_100,_in/6_100,_in/6_100,_in/6_110,_in/6_110,_in/6_110,_in/6_110,_in/6_120,_in/6_120,_in/6_120,_in/6_120,_in/6_130,_in/6_130,_in/6_130,_in/6_130,_in/6_140,_in/6_140,_in/6_140,_in/6_140,_in/6_150,_in/6_150,_in/6_150,_in/6_150,_in/6_160,_in/6_160,_in/6_160,_in/6_160,_in/6_170,_in/6_170,_in/6_170,_in/6_170,_in/6_180,_in/6_180,_in/6_180,_in/6_180,_in/6_190,_in/6_190,_in/6_190,_in/6_190,_in/6_200,_in/6_200,_in/6_200,_in/6_200,_in/6_210,_in/6_210,_in/6_210,_in/6_210,_in/6_220,_in/6_220,_in/6_220,_in/6_220,_in/6_230,_in/6_230,_in/6_230,_in/6_230,_in/6_240,_in/6_240,_in/6_240,_in/6_240,_in/6_250,_in/6_250,_in/6_250,_in/6_250,_in/6_260,_in/6_260,_in/6_260,_in/6_260,_in/6_270,_in/6_270,_in/6_270,_in/6_270,_in/6_280,_in/6_280,_in/6_280,_in/6_280,_in/6_290,_in/6_290,_in/6_290,_in/6_290,_in/6_300,_in/6_300,_in/6_300,_in/6_300,_in/6_310,_in/6_310,_in/6_310,_in/6_310,_in/6_320,_in/6_320,_in/6_320,_in/6_320,_in/6_330,_in/6_330,_in/6_330,_in/6_330,_in/6_340,_in/6_340,_in/6_340,_in/6_340,_in/6_350,_in/6_350,_in/6_350,_in/6_350,_in/6_360,_in/6_360,_in/6_360,_in/6_360,_in/6_370,_in/6_370,_in/6_370,_in/6_370,_in/6_380,_in/6_380,_in/6_380,_in/6_380,_in/6_390,_in/6_390,_in/6_390,_in/6_390,_in/6_400,_in/6_400,_in/6_400,_in/6_400,_in/6_410,_in/6_410,_in/6_410,_in/6_410,_in/6_420,_in/6_420,_in/6_420,_in/6_420,_in/6_430,_in/6_430,_in/6_430,_in/6_430,_in/6_440,_in/6_440,_in/6_440,_in/6_440,_in/6_450,_in/6_450,_in/6_450,_in/6_450,_in/6_460,_in/6_460,_in/6_460,_in/6_460,_in/6_470,_in/6_470,_in/6_470,_in/6_470,_in/6_480,_in/6_480,_in/6_480,_in/6_480,_in/6_490,_in/6_490,_in/6_490,_in/6_490,_in/6_500,_in/6_500,_in/6_500,_in/6_500,_in/6_510,_in/6_510,_in/6_510,_in/6_510,_in/6_520,_in/6_520,_in/6_520,_in/6_520,_in/6_530,_in/6_530,_in/6_530,_in/6_530,_in/6_540,_in/6_540,_in/6_540,_in/6_540,_in/6_550,_in/6_550,_in/6_550,_in/6_550,_in/6_560,_in/6_560,_in/6_560,_in/6_560,_in/6_570,_in/6_570,_in/6_570,_in/6_570,_in/6_580,_in/6_580,_in/6_580,_in/6_580,_in/6_590,_in/6_590,_in/6_590,_in/6_590,_in/6_600,_in/6_600,_in/6_600,_in/6_600,_in/6_610,_in/6_610,_in/6_610,_in/6_610,_in/6_620,_in/6_620,_in/6_620,_in/6_620,_in/6_630,_in/6_630,_in/6_630,_in/6_630,_in/6_640,_in/6_640,_in/6_640,_in/6_640,_in/6_650,_in/6_650,_in/6_650,_in/6_650,_in/6_660,_in/6_660,_in/6_660,_in/6_660,_in/6_670,_in/6_670,_in/6_670,_in/6_670,_in/6_680,_in/6_680,_in/6_680,_in/6_680,_in/6_690,_in/6_690,_in/6_690,_in/6_690,_in/6_700,_in/6_700,_in/6_700,_in/6_700,_in/6_710,_in/6_710,_in/6_710,_in/6_710,_in/6_720,_in/6_720,_in/6_720,_in/6_720,_in/6_730,_in/6_730,_in/6_730,_in/6_730,_in/6_740,_in/6_740,_in/6_740,_in/6_740,_in/6_750,_in/6_750,_in/6_750,_in/6_750,_in/6_760,_in/6_760,_in/6_760,_in/6_760,_in/6_770,_in/6_770,_in/6_770,_in/6_770,_in/6_780,_in/6_780,_in/6_780,_in/6_780,_in/6_790,_in/6_790,_in/6_790,_in/6_790,_in/6_800,_in/6_800,_in/6_800,_in/6_800,_in/6_810,_in/6_810,_in/6_810,_in/6_810,_in/6_820,_in/6_820,_in/6_820,_in/6_820,_in/6_830,_in/6_830,_in/6_830,_in/6_830,_in/6_840,_in/6_840,_in/6_840,_in/6_840,_in/6_850,_in/6_850,_in/6_850,_in/6_850,_in/6_860,_in/6_860,_in/6_860,_in/6_860,_in/6_870,_in/6_870,_in/6_870,_in/6_870,_in/6_880,_in/6_880,_in/6_880,_in/6_880,_in/6_890,_in/6_890,_in/6_890,_in/6_890,_in/6_900,_in/6_900,_in/6_900,_in/6_900,_in/6_910,_in/6_910,_in/6_910,_in/6_910,_in/6_920,_in/6_920,_in/6_920,_in/6_920,_in/6_930,_in/6_930,_in/6_930,_in/6_930,_in/6_940,_in/6_940,_in/6_940,_in/6_940,_in/6_950,_in/6_950,_in/6_950,_in/6_950,_in/6_960,_in/6_960,_in/6_960,_in/6_960,_in/6_970,_in/6_970,_in/6_970,_in/6_970,_in/6_980,_in/6_980,_in/6_980,_in/6_980,_in/6_990,_in/6_990,_in/6_990,_in/6_994.469989914185135,_in/7_0
7.081524380540941,_in/7_0
0.4133146738022333,_in/7_1
0.557319622788782,_in/7_1
2.199436288873585,_in/7_2
3.2412899483279034,_in/7_2
2.1813741143851075,_in/7_3
3.116669000359252,_in/7_3
0.46884784515714273,_in/7_4
0.35843578807543963,_in/7_4
0.5268161955236792,_in/7_5
0.5239080035244115,_in/7_5
1.5475713274790905,_in/7_6
2.1217873053392395,_in/7_6
0.25894721527583897,_in/7_7
0.08725584944477305,_in/7_7
0.4961425165529363,_in/7_8
0.5555813857063185,_in/7_8
0.1966325442190282,_in/7_9
0.566580199461896,_in/7_9
0.32089564949274063,_in/7_10
0.2755345858131477,_in/7_10
0.6452972200931981,_in/7_11
0.7130359383390896,_in/7_11
1.2086228824800855,_in/7_12
1.7006890653465234,_in/7_12
3.263464782561641,_in/7_13
5.323730809963308,_in/7_13
1.9847356411046349,_in/7_14
2.7385628191404976,_in/7_14
1.0296411637973506,_in/7_15
1.2359023159369826,_in/7_15
0.20096004658262245,_in/7_16
0.01964284328278154,_in/7_16
4.15395184575118,_in/7_17
6.818289240794911,_in/7_17
0.4055721677141264,_in/7_18
0.4176932141999714,_in/7_18
0.5614538216968867,_in/7_19
0.680701493343804,_in/7_19
0.49264781089732423,_in/7_20
0.5660571155021898,_in/7_20
0.2724362080625724,_in/7_21
0.1565498051677423,_in/7_21
2.738302301557269,_in/7_22
4.558698841719888,_in/7_22
0.2629090646660188,_in/7_23
0.16087771364254877,_in/7_23
0.23520811636080907,_in/7_24
0.07374717951461207,_in/7_24
0.40270667948880146,_in/7_25
0.5958361516204604,_in/7_25
0.2810783946188167,_in/7_26
0.3118762651574798,_in/7_26
0.39230172648331063,_in/7_27
0.28749731160132797,_in/7_27
2.5900323703945105,_in/7_28
3.8350525023124646,_in/7_28
0.1392235009407159,_in/7_29
0.24700557929463685,_in/7_29
0.4121942248311825,_in/7_30
0.3330285222400562,_in/7_30
0.22707966507368837,_in/7_31
0.05791994742867246,_in/7_31
0.21970106372100418,_in/7_32
0.11379743284851429,_in/7_32
3.1652497636387125,_in/7_33
4.70963823760394,_in/7_33
1.9224102979933377,_in/7_34
3.12365954980487,_in/7_34
0.450405202107504,_in/7_35
0.4802315913257189,_in/7_35
0.5496164743299232,_in/7_36
0.6181107281590812,_in/7_36
0.3932077252538875,_in/7_37
0.48380931514839176,_in/7_37
0.6509406749701157,_in/7_38
0.7046919464282837,_in/7_38
2.159881873347331,_in/7_39
3.1465312184300274,_in/7_39
0.37330646288683056,_in/7_40
0.25595170066117134,_in/7_40
0.43997055292129517,_in/7_41
0.45983745949342847,_in/7_41
0.5834174734300177,_in/7_42
0.7061554506417451,_in/7_42
0.24535765640393947,_in/7_43
0.17315653327386826,_in/7_43
0.2764151618757751,_in/7_44
0.19695868111375603,_in/7_44
1.9610911629079055,_in/7_45
2.7376070029531547,_in/7_45
0.9544614372425713,_in/7_46
1.2323188400423533,_in/7_46
0.5727321335434681,_in/7_47
0.7574009327836393,_in/7_47
0.5557643750789794,_in/7_48
0.6974331223773333,_in/7_48
0.9923601949121803,_in/7_49
1.342405573290307,_in/7_49
0.24916391873193788,_in/7_50
0.07116343639791012,_in/7_50
2.2509396237546753,_in/7_51
3.233920602939179,_in/7_51
0.5939559447579086,_in/7_52
0.7118793706176803,_in/7_52
0.86588098393986,_in/7_53
0.9814040163182653,_in/7_53
0.2754768994054757,_in/7_54
0.07038318579361658,_in/7_54
0.20307046835660003,_in/7_55
0.024885087126676808,_in/7_55
0.7484468199254479,_in/7_56
0.8666525021308189,_in/7_56
0.9768818945412931,_in/7_57
1.204741856921828,_in/7_57
0.9807839130517095,_in/7_58
1.3102035084739327,_in/7_58
0.7731569800998841,_in/7_59
1.2750582179487537,_in/7_59
0.6278971860883757,_in/7_60
0.6730881597613916,_in/7_60
3.8895289889778724,_in/7_61
5.727664061441828,_in/7_61
0.23204026071471162,_in/7_62
0.10769453041211818,_in/7_62
0.57669788201747,_in/7_63
0.5077532521008834,_in/7_63
1.0226930784992874,_in/7_64
1.31951807445148,_in/7_64
1.815848643600475,_in/7_65
2.6379352518124506,_in/7_65
0.6561684916377999,_in/7_66
0.6915858067804947,_in/7_66
3.41377037379425,_in/7_67
5.497784712177236,_in/7_67
7.442246962164063,_in/7_68
11.423789286112878,_in/7_68
0.24161799490684643,_in/7_69
0.19803723243967397,_in/7_69
2.8607917028684824,_in/7_70
4.875478368578115,_in/7_70
0.47568002058324055,_in/7_71
0.8716696829415014,_in/7_71
0.7591494829976,_in/7_72
0.9700423405047331,_in/7_72
0.42136755120009184,_in/7_73
0.8356355782598257,_in/7_73
1.1043078351649456,_in/7_74
1.5068870519753546,_in/7_74
0.45267644334671786,_in/7_75
0.4424382321885787,_in/7_75
0.20649002504433156,_in/7_76
0.19822924921754748,_in/7_76
0.18432503441090375,_in/7_77
0.0959884999319911,_in/7_77
0.32539798493962735,_in/7_78
0.3166051441257878,_in/7_78
0.537159970292123,_in/7_79
0.6863695027896028,_in/7_79
0.27182494042790495,_in/7_80
0.16673035669373348,_in/7_80
1.742848428315483,_in/7_81
2.7159994037647266,_in/7_81
1.268987027084222,_in/7_82
1.6695003284839913,_in/7_82
5.275803495427681,_in/7_83
7.858729012585172,_in/7_83
0.24309293521218933,_in/7_84
0.20773428209213307,_in/7_84
0.3422433788655326,_in/7_85
0.42356971182016423,_in/7_85
0.34744781625067844,_in/7_86
0.23925031934049912,_in/7_86
1.276892824749666,_in/7_87
2.192365884402534,_in/7_87
0.575438931446115,_in/7_88
0.8887702183928923,_in/7_88
0.5091575972328428,_in/7_89
0.5202841396676376,_in/7_89
1.1471876906070975,_in/7_90
1.6201059644390625,_in/7_90
1.3273984405677766,_in/7_91
2.17782615654869,_in/7_91
0.4503539087017998,_in/7_92
0.40189682197524235,_in/7_92
0.4963412057077221,_in/7_93
0.8408627881708526,_in/7_93
0.20177134574623778,_in/7_94
0.07673935133061605,_in/7_94
0.22711628028355335,_in/7_95
0.4104019246879034,_in/7_95
0.23595974373620265,_in/7_96
0.03516680543543771,_in/7_96
3.2751131877548687,_in/7_97
4.7167458787862415,_in/7_97
2.5763894815463573,_in/7_98
3.6726428639376536,_in/7_98
0.7054169960902072,_in/7_99
0.9290511686194804,_in/7_99
1.1827978596556932e-09,_in/8_0
2.119122655130923e-09,_in/8_1
1.3078533811494708e-09,_in/8_2
2.3037500795908272e-09,_in/8_3
1.934949978021905e-09,_in/8_4
1.4983925211708993e-09,_in/8_5
2.4683686206117272e-09,_in/8_6
1.5429577615577728e-09,_in/8_7
2.0363586372695863e-09,_in/8_8
2.6911948225460947e-09,_in/8_9
2.085016603814438e-09,_in/8_10
2.4383552954532206e-09,_in/8_11
2.3756001610308886e-09,_in/8_12
1.825355866458267e-09,_in/8_13
1.8699211068451405e-09,_in/8_14
2.296474121976644e-09,_in/8_15
1.2628333934117109e-09,_in/8_16
2.5374902179464698e-09,_in/8_17
2.6575435185804963e-09,_in/8_18
2.0236257114447653e-09,_in/8_19
1.8590071704238653e-09,_in/8_20
1.7275851860176772e-09,_in/8_21
2.292836143169552e-09,_in/8_22
1.994976628338918e-09,_in/8_23
1.9817889551632106e-09,_in/8_24
1.4219949662219733e-09,_in/8_25
1.7425918485969305e-09,_in/8_26
1.8103492038790137e-09,_in/8_27
1.8367245502304286e-09,_in/8_28
1.3960743672214448e-09,_in/8_29
1.804892235668376e-09,_in/8_30
1.7944330465979874e-09,_in/8_31
2.333763404749334e-09,_in/8_32
1.5243131201714277e-09,_in/8_33
1.1041265679523349e-09,_in/8_34
1.462922227801755e-09,_in/8_35
2.5247572921216488e-09,_in/8_36
2.5920599000528455e-09,_in/8_37
2.859906089724973e-09,_in/8_38
2.0309016690589488e-09,_in/8_39
1.6007106751203537e-09,_in/8_40
2.7339410735294223e-09,_in/8_41
1.5556906873825938e-09,_in/8_42
1.9549588614609092e-09,_in/8_43
1.5465957403648645e-09,_in/8_44
3.136392479063943e-09,_in/8_45
1.5074874681886286e-09,_in/8_46
3.1409399525728077e-09,_in/8_47
3.284185368102044e-09,_in/8_48
2.4342625692952424e-09,_in/8_49
1.5352270565927029e-09,_in/8_50
1.5120349416974932e-09,_in/8_51
1.8453647498972714e-09,_in/8_52
2.3214852262753993e-09,_in/8_53
1.5711520973127335e-09,_in/8_54
1.196440280182287e-09,_in/8_55
1.355147105641663e-09,_in/8_56
1.9808794604614377e-09,_in/8_57
1.7334969015792012e-09,_in/8_58
1.3310454960446805e-09,_in/8_59
2.1254891180433333e-09,_in/8_60
2.8339854907244444e-09,_in/8_61
1.4674697013106197e-09,_in/8_62
1.4792931324336678e-09,_in/8_63
1.892203727038577e-09,_in/8_64
2.380147634539753e-09,_in/8_65
1.7762431525625288e-09,_in/8_66
2.8917384042870253e-09,_in/8_67
1.965418050531298e-09,_in/8_68
1.7944330465979874e-09,_in/8_69
2.369233698118478e-09,_in/8_70
1.8335413187742233e-09,_in/8_71
3.5834091249853373e-09,_in/8_72
1.7935235518962145e-09,_in/8_73
3.2318894227501005e-09,_in/8_74
2.1286723494995385e-09,_in/8_75
1.909484126372263e-09,_in/8_76
2.238721208414063e-09,_in/8_77
1.4624674804508686e-09,_in/8_78
1.8039827409666032e-09,_in/8_79
1.9090293790213764e-09,_in/8_80
2.38696884480305e-09,_in/8_81
3.312834451207891e-09,_in/8_82
2.235992724308744e-09,_in/8_83
2.699380274862051e-09,_in/8_84
1.8444552551954985e-09,_in/8_85
1.3387762010097504e-09,_in/8_86
1.3496901374310255e-09,_in/8_87
1.1555130186025053e-09,_in/8_88
1.9717845134437084e-09,_in/8_89
3.3905962482094765e-09,_in/8_90
1.8258106138091534e-09,_in/8_91
1.5888872439973056e-09,_in/8_92
1.477474143030122e-09,_in/8_93
1.4356373867485672e-09,_in/8_94
2.7321220841258764e-09,_in/8_95
2.630713424878195e-09,_in/8_96
2.167325874324888e-09,_in/8_97
2.0140760170761496e-09,_in/8_98
1.5502337191719562e-09,_in/8_99
0.21395700314315036,_in/9_0
0.2090221573598683,_in/9_0
2.649975003243526,_in/9_1
1.7653599308705452,_in/9_1
1.338570314081153,_in/9_2
1.1165453957964928,_in/9_2
0.5129541382666503,_in/9_3
0.5874080563662574,_in/9_3
4.16193486674274,_in/9_4
2.861711811187888,_in/9_4
0.1717247968299489,_in/9_5
0.2970430079731159,_in/9_5
2.395433389407117,_in/9_6
1.508570937498007,_in/9_6
2.7296384401743126,_in/9_7
1.8386663531691738,_in/9_7
5.050597640945853,_in/9_8
3.263578699028585,_in/9_8
3.076611635488007,_in/9_9
1.753727712581167,_in/9_9
1.8406172921604593,_in/9_10
1.533022127271579,_in/9_10
0.24896904273191467,_in/9_11
0.3971715905354358,_in/9_11
0.5733435213332996,_in/9_12
0.5570627902052365,_in/9_12
0.6930449120263802,_in/9_13
0.425762895574735,_in/9_13
0.23457738412071194,_in/9_14
0.31672552403324516,_in/9_14
5.525890016462654,_in/9_15
3.6531581637682393,_in/9_15
0.5550587510333571,_in/9_16
0.5070147822734725,_in/9_16
0.5262394999772368,_in/9_17
0.5358144281271962,_in/9_17
1.7151514639681409,_in/9_18
0.8926400954696874,_in/9_18
0.5667956619381584,_in/9_19
0.5388201041569118,_in/9_19
0.5290981755169923,_in/9_20
0.49019253288861364,_in/9_20
1.6686295241051994,_in/9_21
1.1437501352374966,_in/9_21
3.5556894629407907,_in/9_22
2.440504811423125,_in/9_22
0.3370843547181721,_in/9_23
0.2475899525670684,_in/9_23
0.6946911872655619,_in/9_24
0.7000960997584116,_in/9_24
1.3829658981994726,_in/9_25
0.9468221150818863,_in/9_25
2.133639418927487,_in/9_26
1.404326403455343,_in/9_26
1.7329528701957315,_in/9_27
1.1462838660299894,_in/9_27
0.7920602865488036,_in/9_28
0.6624402068446216,_in/9_28
1.2726762093952857,_in/9_29
0.9536184996695738,_in/9_29
0.11902997518518532,_in/9_30
0.2615845074178651,_in/9_30
3.6487196037542162,_in/9_31
2.228477440699862,_in/9_31
0.2391818671603687,_in/9_32
0.3398222520818308,_in/9_32
0.6717314232300851,_in/9_33
0.6228452658997412,_in/9_33
1.027543764153961,_in/9_34
0.6859397349471692,_in/9_34
5.156449174464797,_in/9_35
3.3121917825064884,_in/9_35
0.9114902913570404,_in/9_36
0.6904174844385125,_in/9_36
1.9361600693027867,_in/9_37
1.3952250000584172,_in/9_37
6.8018504884094,_in/9_38
4.4658455871394835,_in/9_38
0.7226371724973433,_in/9_39
0.7156683922221418,_in/9_39
6.694917434128001,_in/9_40
4.548851164930966,_in/9_40
0.20385451050606207,_in/9_41
0.33902110726285173,_in/9_41
2.638201107707573,_in/9_42
1.4806792743329424,_in/9_42
1.111260721754661,_in/9_43
0.8907186329797696,_in/9_43
0.5354870302435302,_in/9_44
0.44282323877268936,_in/9_44
1.9330980747217836,_in/9_45
1.3945103019113958,_in/9_45
0.36096181246830383,_in/9_46
0.39621128859835153,_in/9_46
0.07047738292021677,_in/9_47
0.27803892648080364,_in/9_47
0.06359251757567108,_in/9_48
0.26686012756545097,_in/9_48
1.638422996551526,_in/9_49
1.207391536783689,_in/9_49
10.358821209336384,_in/9_50
6.795600647204992,_in/9_50
2.354618468642002,_in/9_51
1.3902966407767963,_in/9_51
1.5996850503142923,_in/9_52
1.0451197494985536,_in/9_52
0.2989453992340714,_in/9_53
0.4745308710844256,_in/9_53
0.11393785401014611,_in/9_54
0.2994377730319684,_in/9_54
0.22404179478144215,_in/9_55
0.3294108046684414,_in/9_55
0.24761927768122405,_in/9_56
0.35981509895646013,_in/9_56
1.458494134247303,_in/9_57
1.0931660804199055,_in/9_57
1.2232858653314906,_in/9_58
0.9249171540250245,_in/9_58
0.8747078859851172,_in/9_59
0.7037256083149259,_in/9_59
0.2738091552600963,_in/9_60
0.19384590396657586,_in/9_60
5.000757669480663,_in/9_61
3.156265900506696,_in/9_61
0.12255149964948941,_in/9_62
0.332406994770281,_in/9_62
0.41027053451762185,_in/9_63
0.3361343116266653,_in/9_63
4.193599904741859,_in/9_64
2.942361623136094,_in/9_64
0.4471886468490993,_in/9_65
0.3713968889278476,_in/9_65
5.211970948555972,_in/9_66
3.6765211884339806,_in/9_66
1.9654467665823177,_in/9_67
1.2092917564732488,_in/9_67
0.2204659829440061,_in/9_68
0.29190015251515433,_in/9_68
0.11398537701643363,_in/9_69
0.2931023139390163,_in/9_69
0.6109127579838969,_in/9_70
0.5609920668648556,_in/9_70
0.6833644161633856,_in/9_71
0.5857402203355377,_in/9_71
0.48262254777182534,_in/9_72
0.3305567820207216,_in/9_72
6.053224487308398,_in/9_73
4.154991441589118,_in/9_73
8.759924222742484,_in/9_74
5.857973307488464,_in/9_74
0.3266173474403331,_in/9_75
0.4134530813262245,_in/9_75
1.1002812335500494,_in/9_76
0.6953546349541284,_in/9_76
0.3692423691863951,_in/9_77
0.33941579742895556,_in/9_77
1.311551872851851,_in/9_78
0.7097723260776547,_in/9_78
6.394280896842247,_in/9_79
4.2218296209175605,_in/9_79
0.4972868519362237,_in/9_80
0.4904728310821156,_in/9_80
0.16935032547917217,_in/9_81
0.3200045260018669,_in/9_81
0.34606998012168333,_in/9_82
0.39222168270498514,_in/9_82
0.0953118724282831,_in/9_83
0.29049788293741585,_in/9_83
1.0683181671774946,_in/9_84
0.8453580209170468,_in/9_84
0.4609398852662707,_in/9_85
0.4895737874403494,_in/9_85
0.7420107336110959,_in/9_86
0.5774777909755358,_in/9_86
0.5442912553971837,_in/9_87
0.4695814907836393,_in/9_87
0.5094879731768742,_in/9_88
0.5985540260444395,_in/9_88
0.5007720177236479,_in/9_89
0.5515975016460288,_in/9_89
0.4190490562305058,_in/9_90
0.4136154845946294,_in/9_90
3.645920084323734,_in/9_91
2.251872808148619,_in/9_91
0.39574716199422255,_in/9_92
0.4852251474512741,_in/9_92
1.4249363324706792,_in/9_93
0.9400256742992497,_in/9_93
0.29756664396700216,_in/9_94
0.397176084399689,_in/9_94
1.0677661016306956,_in/9_95
0.7172804341053052,_in/9_95
0.1844729408621788,_in/9_96
0.28590004524448887,_in/9_96
0.42451164388330653,_in/9_97
0.3514652465164545,_in/9_97
3.951028289622627,_in/9_98
2.548268453392666,_in/9_98
0.9988289054599591,_in/9_99
0.8055203987969435,_in/9_99
0.3999781584716402,_in/10_0
0.745222098834347,_in/10_0
1.0277692819290678,_in/10_1
1.127993120928295,_in/10_1
1.303087122782017,_in/10_2
0.4243876740220003,_in/10_2
1.1871455137370504,_in/10_3
0.9882064082776196,_in/10_3
3.1413990312139504,_in/10_4
2.3622855179419275,_in/10_4
1.3974940300686285,_in/10_5
1.226643989852164,_in/10_5
0.4369607903063297,_in/10_6
0.8470645522465929,_in/10_6
0.796260845643701,_in/10_7
0.7814671631058445,_in/10_7
0.972862315196835,_in/10_8
0.7623711781343445,_in/10_8
0.24604372953763232,_in/10_9
0.6792760115640704,_in/10_9
3.6923888523015194,_in/10_10
2.727663478872273,_in/10_10
0.7067283351207152,_in/10_11
0.422914818424033,_in/10_11
1.5003182926448062,_in/10_12
0.7796990096248919,_in/10_12
0.47211659338790923,_in/10_13
0.844818435900379,_in/10_13
0.7023059030325385,_in/10_14
0.4893299216637388,_in/10_14
1.0205368287861347,_in/10_15
0.927546703198459,_in/10_15
1.4707319348235615,_in/10_16
1.1330182271194644,_in/10_16
0.35054365248652175,_in/10_17
0.7195996370282955,_in/10_17
0.49775002522801515,_in/10_18
0.8526280704536475,_in/10_18
0.9014293640502729,_in/10_19
1.0957013834267855,_in/10_19
1.1204884953040164,_in/10_20
1.0149613588437205,_in/10_20
1.138137478970748,_in/10_21
1.126301835931372,_in/10_21
0.5290722982026637,_in/10_22
0.8877970798057504,_in/10_22
1.0727465570762433,_in/10_23
0.42097156854288187,_in/10_23
0.39379678905243054,_in/10_24
0.8588762590079568,_in/10_24
0.5029640185675817,_in/10_25
0.8178008500835858,_in/10_25
0.5681167631410062,_in/10_26
0.4935503165470436,_in/10_26
0.8625063427534769,_in/10_27
1.1019216250861064,_in/10_27
0.32860068953596056,_in/10_28
0.738673502986785,_in/10_28
1.0258913892685086,_in/10_29
0.7754859857959673,_in/10_29
0.7757386187586235,_in/10_30
0.6137351351353573,_in/10_30
0.5819143600820098,_in/10_31
0.7614629001618596,_in/10_31
1.7838122583925724,_in/10_32
1.1064672822831199,_in/10_32
0.5981722318974789,_in/10_33
0.8003557385527529,_in/10_33
0.7214879412204027,_in/10_34
0.8878660965710878,_in/10_34
0.4400152711314149,_in/10_35
0.7746873469441198,_in/10_35
0.7345385343360249,_in/10_36
0.8218259293935262,_in/10_36
0.6966859541134909,_in/10_37
0.9618593763443641,_in/10_37
2.291003622143762,_in/10_38
1.8194366200214063,_in/10_38
0.6765453142579645,_in/10_39
0.960511562647298,_in/10_39
1.4396294295111147,_in/10_40
0.4956953885121038,_in/10_40
0.4383394976030104,_in/10_41
0.8477795456419699,_in/10_41
1.7279840599148883,_in/10_42
0.8172053822345333,_in/10_42
1.1879237797111273,_in/10_43
1.158822079305537,_in/10_43
1.1683403902570717,_in/10_44
1.2040919384962763,_in/10_44
2.4354330455116724,_in/10_45
1.1831902031153732,_in/10_45
0.36187310062814504,_in/10_46
0.7298272994230501,_in/10_46
0.2854460706585087,_in/10_47
0.5995845466968603,_in/10_47
0.7333381503412966,_in/10_48
0.3695541998895351,_in/10_48
0.4404143379069865,_in/10_49
0.46751531824702397,_in/10_49
1.303710531370598,_in/10_50
0.9816857023979537,_in/10_50
0.40109571027278434,_in/10_51
0.6795556935685454,_in/10_51
0.5150100931641646,_in/10_52
0.8145552889327519,_in/10_52
0.9913416137133026,_in/10_53
1.1501666986732744,_in/10_53
1.1889138554106466,_in/10_54
0.7261325263098115,_in/10_54
0.9785823276033625,_in/10_55
1.0965904365293682,_in/10_55
0.5429315365472576,_in/10_56
0.6395651316852309,_in/10_56
0.8699616778176278,_in/10_57
1.0436007390380837,_in/10_57
0.5501048074365826,_in/10_58
0.8696559355012141,_in/10_58
1.2032801565947011,_in/10_59
1.1649682373681571,_in/10_59
0.8358691369066946,_in/10_60
0.9573394723265665,_in/10_60
1.016689506948751,_in/10_61
0.4040494573273463,_in/10_61
1.4337555571983103,_in/10_62
1.1779784891114105,_in/10_62
1.0486992764781462,_in/10_63
0.8975088552106172,_in/10_63
1.3181769226212054,_in/10_64
1.2239748410065658,_in/10_64
0.8606886684647179,_in/10_65
0.838473436597269,_in/10_65
0.8524124877876602,_in/10_66
0.31940949070849456,_in/10_66
1.0803117388859391,_in/10_67
1.1593678893405013,_in/10_67
0.8793673180334736,_in/10_68
0.842563592857914,_in/10_68
1.3691227836243343,_in/10_69
0.8509872127324343,_in/10_69
1.417867910437053,_in/10_70
1.1183975913154427,_in/10_70
1.0426538939354941,_in/10_71
1.1120890863239765,_in/10_71
0.6972883917624131,_in/10_72
0.5063273356645368,_in/10_72
0.9194193612202071,_in/10_73
1.1246602186001837,_in/10_73
0.6429548074374907,_in/10_74
0.8733302649343386,_in/10_74
0.647378123307135,_in/10_75
0.8543104515993036,_in/10_75
0.600555460434407,_in/10_76
0.6458988260128535,_in/10_76
0.771262953436235,_in/10_77
0.8097568484517979,_in/10_77
0.5686206939572003,_in/10_78
0.7565324731403962,_in/10_78
0.2518523261678638,_in/10_79
0.7829109498416074,_in/10_79
1.1894633827541838,_in/10_80
0.9557380508049391,_in/10_80
0.9937312182155438,_in/10_81
0.8431155871367082,_in/10_81
0.7331452172365971,_in/10_82
0.5268133630888769,_in/10_82
1.7024436048504867,_in/10_83
1.483477572513948,_in/10_83
2.218952499970328,_in/10_84
1.1678047555651574,_in/10_84
0.3954242110485211,_in/10_85
0.5425790085573681,_in/10_85
0.7400633267388912,_in/10_86
0.7810857994190883,_in/10_86
1.0441549831884913,_in/10_87
1.043588243308477,_in/10_87
1.2615327253115538,_in/10_88
0.8069319642163464,_in/10_88
0.6290364421438426,_in/10_89
0.8996692888322286,_in/10_89
1.2717583353805821,_in/10_90
1.1813483969017398,_in/10_90
0.8572627843241207,_in/10_91
0.9042550885351375,_in/10_91
0.46842035418376327,_in/10_92
0.6539936375338584,_in/10_92
0.5285595354507677,_in/10_93
0.5092585635138676,_in/10_93
0.8132885807135608,_in/10_94
0.8665115283802152,_in/10_94
0.28370243695098907,_in/10_95
0.7895069078658707,_in/10_95
0.9473930627573282,_in/10_96
1.037168311275309,_in/10_96
1.3888374207890593,_in/10_97
1.3600321898702532,_in/10_97
0.4528199644992128,_in/10_98
0.8656276623369195,_in/10_98
0.356386901345104,_in/10_99
0.7327677523717284,_in/10_99
1.913576852530241e-09,_in/11_0
2.4501787265762687e-09,_in/11_1
1.8108039512299001e-09,_in/11_2
1.8062564777210355e-09,_in/11_3
2.4019755073823035e-09,_in/11_4
1.989974407479167e-09,_in/11_5
1.976331986952573e-09,_in/11_6
1.812622940633446e-09,_in/11_7
2.472916094120592e-09,_in/11_8
1.0340954759158194e-09,_in/11_9
2.2100721253082156e-09,_in/11_10
2.1518644643947482e-09,_in/11_11
2.078195393551141e-09,_in/11_12
2.2500898921862245e-09,_in/11_13
1.6952981241047382e-09,_in/11_14
1.7453203327022493e-09,_in/11_15
2.319211489520967e-09,_in/11_16
2.8485374059528112e-09,_in/11_17
1.3660610420629382e-09,_in/11_18
1.532498572487384e-09,_in/11_19
1.8344508134759963e-09,_in/11_20
2.0745574147440493e-09,_in/11_21
1.864464138634503e-09,_in/11_22
2.5629560695961118e-09,_in/11_23
1.723492459859699e-09,_in/11_24
2.2118911147117615e-09,_in/11_25
1.876287569757551e-09,_in/11_26
1.902662916108966e-09,_in/11_27
1.57160684466362e-09,_in/11_28
2.1746018319390714e-09,_in/11_29
1.4288161764852703e-09,_in/11_30
1.8108039512299001e-09,_in/11_31
1.9335857359692454e-09,_in/11_32
1.861735654529184e-09,_in/11_33
1.4651959645561874e-09,_in/11_34
1.8098944565281272e-09,_in/11_35
1.4906618162058294e-09,_in/11_36
1.788066583685577e-09,_in/11_37
2.0081643015146255e-09,_in/11_38
1.5861587598919868e-09,_in/11_39
1.7043930711224675e-09,_in/11_40
1.7089405446313322e-09,_in/11_41
1.5561454347334802e-09,_in/11_42
1.7398633644916117e-09,_in/11_43
2.2228050511330366e-09,_in/11_44
2.015440259128809e-09,_in/11_45
2.0063453121110797e-09,_in/11_46
1.4370016288012266e-09,_in/11_47
2.153683453798294e-09,_in/11_48
1.748048816807568e-09,_in/11_49
1.8280843505635858e-09,_in/11_50
1.5952537069097161e-09,_in/11_51
1.7171259969472885e-09,_in/11_52
2.8430804377421737e-09,_in/11_53
1.8562786863185465e-09,_in/11_54
2.318301994819194e-09,_in/11_55
1.4897523215040565e-09,_in/11_56
1.9845174392685294e-09,_in/11_57
2.3001121007837355e-09,_in/11_58
1.584339770488441e-09,_in/11_59
2.168235369026661e-09,_in/11_60
1.1295924196019769e-09,_in/11_61
1.40698830364272e-09,_in/11_62
1.9754224922508e-09,_in/11_63
9.395080269314349e-10,_in/11_64
2.444721758365631e-09,_in/11_65
1.5652403817512095e-09,_in/11_66
1.7025740817189217e-09,_in/11_67
2.939486876130104e-09,_in/11_68
1.6007106751203537e-09,_in/11_69
1.8299033399671316e-09,_in/11_70
2.2992026060819626e-09,_in/11_71
2.1636878955177963e-09,_in/11_72
2.0245352061465383e-09,_in/11_73
1.2505552149377763e-09,_in/11_74
2.06546246772632e-09,_in/11_75
1.7680577002465725e-09,_in/11_76
1.989064912777394e-09,_in/11_77
1.9736035028472543e-09,_in/11_78
2.228262019343674e-09,_in/11_79
2.6193447411060333e-09,_in/11_80
1.9226717995479703e-09,_in/11_81
1.3742464943788946e-09,_in/11_82
1.7535057850182056e-09,_in/11_83
2.2628228180110455e-09,_in/11_84
1.6525518731214106e-09,_in/11_85
2.3283064365386963e-09,_in/11_86
1.6825651982799172e-09,_in/11_87
1.889020495582372e-09,_in/11_88
1.7953425412997603e-09,_in/11_89
1.7025740817189217e-09,_in/11_90
2.001797838602215e-09,_in/11_91
1.469743438065052e-09,_in/11_92
1.3105818652547896e-09,_in/11_93
1.5015757526271045e-09,_in/11_94
2.1864252630621195e-09,_in/11_95
1.4260876923799515e-09,_in/11_96
1.9335857359692454e-09,_in/11_97
1.7826096154749393e-09,_in/11_98
1.6279955161735415e-09,_in/11_99
1.5434125089086592e-09,_in/12_0
1.3878889149054885e-09,_in/12_1
1.3988028513267636e-09,_in/12_2
1.6525518731214106e-09,_in/12_3
2.01271177502349e-09,_in/12_4
2.953129296656698e-09,_in/12_5
1.723492459859699e-09,_in/12_6
2.4110704544000328e-09,_in/12_7
1.926309778355062e-09,_in/12_8
1.1941665434278548e-09,_in/12_9
1.5425030142068863e-09,_in/12_10
2.7212081477046013e-09,_in/12_11
2.7303030947223306e-09,_in/12_12
1.8571881810203195e-09,_in/12_13
2.824890543706715e-09,_in/12_14
2.598426362965256e-09,_in/12_15
2.1464074961841106e-09,_in/12_16
1.991793396882713e-09,_in/12_17
2.166416379623115e-09,_in/12_18
1.8189894035458565e-09,_in/12_19
2.307388058397919e-09,_in/12_20
1.6279955161735415e-09,_in/12_21
1.4415491023100913e-09,_in/12_22
2.4665496312081814e-09,_in/12_23
1.5661498764529824e-09,_in/12_24
1.8480932340025902e-09,_in/12_25
1.1696101864799857e-09,_in/12_26
1.787157088983804e-09,_in/12_27
1.4033503248356283e-09,_in/12_28
1.507032720837742e-09,_in/12_29
1.748958311509341e-09,_in/12_30
1.546140993013978e-09,_in/12_31
2.701199264265597e-09,_in/12_32
1.7525962903164327e-09,_in/12_33
1.1714291758835316e-09,_in/12_34
1.9463186617940664e-09,_in/12_35
1.621629053261131e-09,_in/12_36
3.1204763217829168e-09,_in/12_37
1.952685124706477e-09,_in/12_38
1.7444108380004764e-09,_in/12_39
2.309207047801465e-09,_in/12_40
3.573404683265835e-09,_in/12_41
2.4529072106815875e-09,_in/12_42
1.5825207810848951e-09,_in/12_43
2.089109329972416e-09,_in/12_44
1.1841621017083526e-09,_in/12_45
2.24554241867736e-09,_in/12_46
1.7435013432987034e-09,_in/12_47
1.6889316611923277e-09,_in/12_48
1.6434569261036813e-09,_in/12_49
2.0718289306387305e-09,_in/12_50
2.345586835872382e-09,_in/12_51
2.9494913178496063e-09,_in/12_52
2.3774191504344344e-09,_in/12_53
1.6407284419983625e-09,_in/12_54
1.862645149230957e-09,_in/12_55
1.2896634871140122e-09,_in/12_56
9.022187441587448e-10,_in/12_57
1.8235368770547211e-09,_in/12_58
1.8162609194405377e-09,_in/12_59
1.5143086784519255e-09,_in/12_60
2.3483153199777007e-09,_in/12_61
2.164597390219569e-09,_in/12_62
1.6943886294029653e-09,_in/12_63
1.9335857359692454e-09,_in/12_64
2.9349394026212394e-09,_in/12_65
1.9426806829869747e-09,_in/12_66
2.294655132573098e-09,_in/12_67
1.9481376511976123e-09,_in/12_68
1.2578311725519598e-09,_in/12_69
1.7134880181401968e-09,_in/12_70
2.6057023205794394e-09,_in/12_71
1.5788828022778034e-09,_in/12_72
3.3178366720676422e-09,_in/12_73
2.040906110778451e-09,_in/12_74
1.7016645870171487e-09,_in/12_75
1.4551915228366852e-09,_in/12_76
3.0122464522719383e-09,_in/12_77
2.3610482458025217e-09,_in/12_78
2.9440343496389687e-09,_in/12_79
2.421074896119535e-09,_in/12_80
2.1327650756575167e-09,_in/12_81
2.674823917914182e-09,_in/12_82
2.3746906663291156e-09,_in/12_83
2.0218067220412195e-09,_in/12_84
2.2864696802571416e-09,_in/12_85
1.899024937301874e-09,_in/12_86
1.9099388737231493e-09,_in/12_87
1.115949999075383e-09,_in/12_88
1.4551915228366852e-09,_in/12_89
2.0463630789890885e-09,_in/12_90
1.774424163158983e-09,_in/12_91
1.1641532182693481e-09,_in/12_92
2.8476279112510383e-09,_in/12_93
2.661181497387588e-09,_in/12_94
1.8790160538628697e-09,_in/12_95
1.9172148313373327e-09,_in/12_96
1.915395841933787e-09,_in/12_97
1.3342287275008857e-09,_in/12_98
1.798980520106852e-09,_in/12_99
0.21357437351252884,_in/13_0
0.17063919361680746,_in/13_0
4.294230931787752,_in/13_1
5.761093998444267,_in/13_1
0.31246652620029636,_in/13_2
0.2127996108001753,_in/13_2
0.18958924361504614,_in/13_3
0.14208736369619146,_in/13_3
0.2767079359437048,_in/13_4
0.27322692018424277,_in/13_4
1.013412736239843,_in/13_5
1.6307611040538177,_in/13_5
0.24752786043973174,_in/13_6
0.15872748280980886,_in/13_6
2.6341601993335644,_in/13_7
3.79947818463188,_in/13_7
0.33128334721550345,_in/13_8
0.15618801658274606,_in/13_8
0.35948991985060275,_in/13_9
0.16642997958115302,_in/13_9
0.6606418029418819,_in/13_10
0.8570452553312862,_in/13_10
2.2971663998682743,_in/13_11
3.0623167917337923,_in/13_11
0.3229765459545888,_in/13_12
0.3090348179321154,_in/13_12
2.4093452100214563,_in/13_13
3.0796690948573087,_in/13_13
0.7312930588541349,_in/13_14
0.8535111425353534,_in/13_14
0.6786424056626856,_in/13_15
0.5980038675479591,_in/13_15
0.5650670970208012,_in/13_16
0.6517266663140617,_in/13_16
0.32712863750202814,_in/13_17
0.16264118617982604,_in/13_17
0.9383506401209161,_in/13_18
1.2098192027769983,_in/13_18
0.2402870205551153,_in/13_19
0.0388598179561086,_in/13_19
1.2754929735215228,_in/13_20
2.066955633339603,_in/13_20
2.405390739440918,_in/13_21
2.7858666068059392,_in/13_21
0.3021991575442371,_in/13_22
0.1695770164260466,_in/13_22
0.3220211301340896,_in/13_23
0.30511075097092544,_in/13_23
0.3026203242770862,_in/13_24
0.12257141200825572,_in/13_24
0.26924282824620605,_in/13_25
0.09544908814132214,_in/13_25
9.404789809894282,_in/13_26
13.549984004261205,_in/13_26
0.45067760450183414,_in/13_27
0.4748445558716412,_in/13_27
3.185714644321706,_in/13_28
4.60410875803791,_in/13_28
0.2782441230592667,_in/13_29
0.10140527694602497,_in/13_29
0.8078770426218398,_in/13_30
1.0805908047477715,_in/13_30
0.3858419843054435,_in/13_31
0.33876372638042085,_in/13_31
0.4194150557159446,_in/13_32
0.39241413137824566,_in/13_32
0.4493642363231629,_in/13_33
0.267888672882691,_in/13_33
1.3292557499953546,_in/13_34
1.9840613681008108,_in/13_34
2.598712525069004,_in/13_35
3.4629572192952764,_in/13_35
0.826836401483888,_in/13_36
1.0621341020996624,_in/13_36
1.0708232990582474,_in/13_37
1.5107929198129568,_in/13_37
1.7706696505756554,_in/13_38
2.2315308197703416,_in/13_38
0.5090406292001717,_in/13_39
0.5613979717018083,_in/13_39
0.8717876529844943,_in/13_40
1.1680593065475477,_in/13_40
1.1799741362337954,_in/13_41
1.6007935089292005,_in/13_41
0.3979904744774103,_in/13_42
0.3410690463952051,_in/13_42
3.282070008572191,_in/13_43
4.68389961583307,_in/13_43
1.3196449349052273,_in/13_44
1.666918373433873,_in/13_44
1.6349877554457635,_in/13_45
1.7718691560439765,_in/13_45
2.641065179312136,_in/13_46
3.2617563333478756,_in/13_46
0.2677178771409672,_in/13_47
0.170060887742693,_in/13_47
2.0747518777498044,_in/13_48
3.2583630373701453,_in/13_48
1.6258657172438689,_in/13_49
2.0999587143887766,_in/13_49
0.32298053910926683,_in/13_50
0.09946158464572363,_in/13_50
0.827903773431899,_in/13_51
1.1254170359834461,_in/13_51
0.24627218718160293,_in/13_52
0.2835460682399571,_in/13_52
1.189829032169655,_in/13_53
1.4530479205532174,_in/13_53
0.26871734876476694,_in/13_54
0.13557397162185225,_in/13_54
0.9460729728766637,_in/13_55
1.3057829732288155,_in/13_55
0.6542327011484304,_in/13_56
0.9772517724231875,_in/13_56
0.7747599512222223,_in/13_57
1.2392952081863768,_in/13_57
0.49221054679946974,_in/13_58
0.4038843153102789,_in/13_58
4.307436082744971,_in/13_59
5.659214360697661,_in/13_59
1.3701459439471364,_in/13_60
1.6739865153795108,_in/13_60
0.6232792017399333,_in/13_61
0.5572119238786399,_in/13_61
0.2585792689351365,_in/13_62
0.06266590690938756,_in/13_62
2.3861292671062984,_in/13_63
3.590339215938002,_in/13_63
0.892418569198071,_in/13_64
1.3882390117541945,_in/13_64
0.21720653388183564,_in/13_65
0.1825371915474534,_in/13_65
0.2990452441154048,_in/13_66
0.5247602348681539,_in/13_66
4.027907511735975,_in/13_67
5.900050539968106,_in/13_67
0.2640842321998207,_in/13_68
0.047428000943909865,_in/13_68
2.9487286511575803,_in/13_69
4.250969647138845,_in/13_69
0.40566875681088277,_in/13_70
0.367807675932454,_in/13_70
0.290323116525542,_in/13_71
0.5249116288614459,_in/13_71
0.4154085557674989,_in/13_72
0.2105026141507551,_in/13_72
0.45034856168786064,_in/13_73
0.3582387480828402,_in/13_73
0.6664563748345245,_in/13_74
0.6789088049363272,_in/13_74
0.3818455023865681,_in/13_75
0.41548871113445784,_in/13_75
1.6687290700283484,_in/13_76
2.2236383720401136,_in/13_76
0.23377932100993348,_in/13_77
0.050421279098372906,_in/13_77
3.8561635270598345,_in/13_78
5.8503620101255365,_in/13_78
5.132622382920999,_in/13_79
7.777431647186859,_in/13_79
6.012262817181181,_in/13_80
9.114285075571388,_in/13_80
0.3060939197530388,_in/13_81
0.14720912982011214,_in/13_81
0.4826087535402621,_in/13_82
0.7203644561705005,_in/13_82
2.4934243227471597,_in/13_83
3.092691754864063,_in/13_83
0.19324607316957554,_in/13_84
0.19768594799097627,_in/13_84
1.3791645278106444,_in/13_85
2.136807921284344,_in/13_85
2.1976539420429617,_in/13_86
3.176199560868554,_in/13_86
0.27132221360807307,_in/13_87
0.13165611911153974,_in/13_87
1.8837146841688082,_in/13_88
2.8446096257830504,_in/13_88
0.3508017753192689,_in/13_89
0.16620331942249322,_in/13_89
0.6148232588930114,_in/13_90
0.560217356081921,_in/13_90
0.6394015595433302,_in/13_91
0.6532474613632075,_in/13_91
1.4494602439226583,_in/13_92
2.0988996076921467,_in/13_92
0.9757749854470603,_in/13_93
1.1065892836777493,_in/13_93
1.6721951811796316,_in/13_94
2.741644446497048,_in/13_94
1.0283622196625402,_in/13_95
1.2116007240019826,_in/13_95
0.5021011951612309,_in/13_96
0.3941373369307257,_in/13_96
4.152415695833042,_in/13_97
5.763896734636546,_in/13_97
1.2155512771278154,_in/13_98
1.3846989868325181,_in/13_98
2.5797528908260574,_in/13_99
3.9048955627204123,_in/13_99
1115.6365226599446,_in/14_0
86779.24413527644,_in/14_0
47653.09574718959,_in/14_0
248.59388346759624,_in/14_1
47689.589316924365,_in/14_1
209211.43821993415,_in/14_1
2.2450944731535856,_in/14_2
2064.6884434547474,_in/14_2
2037.3562463129133,_in/14_2
61.604443219262976,_in/14_3
621.6656312122818,_in/14_3
625.4670705914104,_in/14_3
110.17360859643668,_in/14_4
10673.791793563783,_in/14_4
7204.519761961748,_in/14_4
233.49847205221886,_in/14_5
109249.06613516179,_in/14_5
12326.673316290893,_in/14_5
0.7692546204780228,_in/14_6
205.6690197083517,_in/14_6
202.26034715911373,_in/14_6
34.76057356281672,_in/14_7
11229.14750825089,_in/14_7
10651.213526878295,_in/14_7
1.2228108747513033,_in/14_8
2651.8578517333526,_in/14_8
2636.5936833661854,_in/14_8
13.214504461851902,_in/14_9
5540.144737185432,_in/14_9
5173.6974736605425,_in/14_9
4.923951518023387,_in/14_10
21175.80691674986,_in/14_10
20526.13408840826,_in/14_10
0.8595435718452791,_in/14_11
1660.4872566543636,_in/14_11
1698.2735693080467,_in/14_11
5.562842715919032,_in/14_12
9488.880840826663,_in/14_12
9000.628093905048,_in/14_12
0.8031012501360237,_in/14_13
288.0602276303448,_in/14_13
280.9493239806593,_in/14_13
3.5973753699254303,_in/14_14
6382.0136091389995,_in/14_14
6355.137400519429,_in/14_14
0.5775164680089802,_in/14_15
309.06976297922665,_in/14_15
305.3125444687321,_in/14_15
3.1554166763089597,_in/14_16
314.11126551029156,_in/14_16
309.6485543877934,_in/14_16
1.5764465201918938,_in/14_17
1511.0408019648748,_in/14_17
1509.0637960673193,_in/14_17
5.677100235654507,_in/14_18
19672.302623300464,_in/14_18
8007.766167067166,_in/14_18
7.237772760505322,_in/14_19
13420.782509535493,_in/14_19
13519.609020819073,_in/14_19
9.10864154540468,_in/14_20
5738.347116071382,_in/14_20
5450.340693554957,_in/14_20
1.1006064369576052,_in/14_21
1294.9827892481253,_in/14_21
1300.1771338872845,_in/14_21
0.7735871622171544,_in/14_22
233.98943358971155,_in/14_22
232.29833539499668,_in/14_22
2.7198333645610546,_in/14_23
1825.023730221088,_in/14_23
1835.6114622482564,_in/14_23
0.9040845927665941,_in/14_24
600.8655272201686,_in/14_24
592.768753134214,_in/14_24
110.81696458073566,_in/14_25
21302.737180979166,_in/14_25
18907.28882155566,_in/14_25
66.82275630958611,_in/14_26
40799.05940121709,_in/14_26
38785.95205686451,_in/14_26
14.784702589036897,_in/14_27
12503.88698928065,_in/14_27
14951.07756232526,_in/14_27
147.52709492482245,_in/14_28
32538.984451766242,_in/14_28
44419.17673787795,_in/14_28
1.3333562534971861,_in/14_29
1981.1266452272903,_in/14_29
2135.2019928681516,_in/14_29
1.0759705770178698,_in/14_30
350.145306018705,_in/14_30
345.098334464099,_in/14_30
3.487148733343929,_in/14_31
8407.914254452176,_in/14_31
9982.315386005705,_in/14_31
8.09938130498631,_in/14_32
8475.714875939244,_in/14_32
7824.30300202372,_in/14_32
2.7905680122203194,_in/14_33
1404.8461936265944,_in/14_33
1344.3437173860698,_in/14_33
3.0135923752677627,_in/14_34
1574.9478833928006,_in/14_34
1556.1615870381938,_in/14_34
138.1888933685259,_in/14_35
55768.00200998355,_in/14_35
298374.638003536,_in/14_35
4.960540013969876,_in/14_36
1865.5466441372992,_in/14_36
1009.0865361618344,_in/14_36
3.076901913387701,_in/14_37
879.6167190327542,_in/14_37
861.482805174659,_in/14_37
1.4150913194935129,_in/14_38
1230.4493602448492,_in/14_38
1211.8649203109235,_in/14_38
3.119484848806678,_in/14_39
705.7374178983737,_in/14_39
668.1271491652587,_in/14_39
3.118722608021926,_in/14_40
288.44073389786763,_in/14_40
277.6658513084494,_in/14_40
39.289825921921874,_in/14_41
38607.22549323595,_in/14_41
30653.66110957438,_in/14_41
1.8463686064642388,_in/14_42
6890.495494858502,_in/14_42
8058.969500230516,_in/14_42
4.609109796670964,_in/14_43
3189.6836618567495,_in/14_43
3078.60469458078,_in/14_43
1.542208407423459,_in/14_44
10924.368790776702,_in/14_44
11492.11725325504,_in/14_44
44.94915806525387,_in/14_45
12627.769061951723,_in/14_45
21790.21304223017,_in/14_45
2.1920995469554327,_in/14_46
324.6351973039855,_in/14_46
321.92873738720664,_in/14_46
1.6679790697271528,_in/14_47
1865.2975863316096,_in/14_47
1786.2789580615354,_in/14_47
2.5877261386103783,_in/14_48
1090.8525052862824,_in/14_48
1095.5903882912244,_in/14_48
81.19629751215689,_in/14_49
13155.720513605134,_in/14_49
10915.857482372667,_in/14_49
1.4632871809153585,_in/14_50
4126.3752741635835,_in/14_50
4407.95513898955,_in/14_50
3.687333642081285,_in/14_51
1299.6564490165415,_in/14_51
1276.3345673597291,_in/14_51
1.176821660308633,_in/14_52
2258.81136051708,_in/14_52
2087.9826972398005,_in/14_52
2.395426424976904,_in/14_53
275.93852946942206,_in/14_53
275.2801277481485,_in/14_53
3.1995392031385563,_in/14_54
6091.956125873956,_in/14_54
5889.003146742645,_in/14_54
1.7521364285857999,_in/14_55
1124.7352295002784,_in/14_55
1137.5883067784598,_in/14_55
24.756029004176526,_in/14_56
15110.22780333049,_in/14_56
18331.435041384746,_in/14_56
3840.8230573350447,_in/14_57
35967.91438334854,_in/14_57
15673.09927515998,_in/14_57
2.60910791598144,_in/14_58
962.4354244249116,_in/14_58
934.0905362222484,_in/14_58
0.6861584692378528,_in/14_59
1540.4370589841883,_in/14_59
1440.7313536497286,_in/14_59
2.134597725525964,_in/14_60
12984.359884294507,_in/14_60
13648.673143256048,_in/14_60
7.359089487435995,_in/14_61
4216.145130766148,_in/14_61
4128.8583408104605,_in/14_61
2.7042402015649714,_in/14_62
988.0471218569437,_in/14_62
962.6357862967416,_in/14_62
2.7421646371949464,_in/14_63
3486.9624275423703,_in/14_63
3453.5396125651896,_in/14_63
1.4923702385694924,_in/14_64
12386.47180185144,_in/14_64
13613.920309649111,_in/14_64
1.9523278455599211,_in/14_65
1090.3040967525158,_in/14_65
1077.5792701594619,_in/14_65
42.315300574176945,_in/14_66
17506.01636636364,_in/14_66
20978.882025930277,_in/14_66
1.7666180981177604,_in/14_67
2383.45767277939,_in/14_67
2306.688866099459,_in/14_67
3.03180739027448,_in/14_68
2654.6158678934444,_in/14_68
2442.613975789922,_in/14_68
63.42351598007372,_in/14_69
22309.88695113642,_in/14_69
14429.861869312466,_in/14_69
1.0851296623586677,_in/14_70
4222.014912069135,_in/14_70
4248.680640319013,_in/14_70
9.545302060316317,_in/14_71
7951.819983350477,_in/14_71
7852.039395465792,_in/14_71
2.995786626212066,_in/14_72
3388.0828970854636,_in/14_72
3855.730950009369,_in/14_72
3.451607707538642,_in/14_73
2230.255638023198,_in/14_73
2395.615319405799,_in/14_73
1.9231884508626536,_in/14_74
2430.0386161792007,_in/14_74
2368.0991993768057,_in/14_74
2996.821595964604,_in/14_75
57100.14952990666,_in/14_75
25652.517596527003,_in/14_75
2.1051166488014132,_in/14_76
2796.7675499038623,_in/14_76
2748.260547753184,_in/14_76
1.8847681958159228,_in/14_77
11281.36955125007,_in/14_77
12091.571480785438,_in/14_77
2.933223036059644,_in/14_78
3539.0394137128023,_in/14_78
3515.3573834177805,_in/14_78
79.05357459257357,_in/14_79
74428.24397144082,_in/14_79
81950.75772711213,_in/14_79
4.150398798432434,_in/14_80
1743.059648390772,_in/14_80
1673.9512724118522,_in/14_80
4.959643587819301,_in/14_81
5957.572256730404,_in/14_81
5954.778229626187,_in/14_81
1.1085846770147327,_in/14_82
302.867673544999,_in/14_82
297.43027360297856,_in/14_82
1.0376836891682615,_in/14_83
303.8071018124756,_in/14_83
299.10792468622094,_in/14_83
0.9480981723463628,_in/14_84
641.8000259618184,_in/14_84
627.1265971562693,_in/14_84
1.1370322475559078,_in/14_85
759.6390901542768,_in/14_85
799.6542606020448,_in/14_85
2.305432317254599,_in/14_86
8845.228697267874,_in/14_86
10300.466748724739,_in/14_86
8.468659972946625,_in/14_87
11411.325750382672,_in/14_87
13617.17913549233,_in/14_87
136.798757288896,_in/14_88
18728.23542568597,_in/14_88
8627.803436556802,_in/14_88
1.5157721275727454,_in/14_89
1607.062736005173,_in/14_89
1772.1483854515768,_in/14_89
5.468288285395829,_in/14_90
18796.8093186027,_in/14_90
20197.883993033094,_in/14_90
1.0313204898266122,_in/14_91
276.7131347087561,_in/14_91
273.30097735629533,_in/14_91
3.9719382564071566,_in/14_92
3176.3255301476133,_in/14_92
2794.0575021168083,_in/14_92
1.7811210966319777,_in/14_93
3050.4709584483644,_in/14_93
2950.7281093379133,_in/14_93
381.0834586118581,_in/14_94
13299.47006984787,_in/14_94
21268.160957846834,_in/14_94
1.6563280325426604,_in/14_95
5415.700821286067,_in/14_95
5616.841103555693,_in/14_95
11.032064086291939,_in/14_96
6413.989181331,_in/14_96
5943.548295555274,_in/14_96
71.94282106560422,_in/14_97
23366.160091397454,_in/14_97
8264.16445337252,_in/14_97
1.5893194506061263,_in/14_98
1605.9443705207086,_in/14_98
1674.5046126313391,_in/14_98
0.5600302836119226,_in/14_99
264.0867391732754,_in/14_99
261.11897075371235,_in/14_99
0.396715386195865,_in/15_0
0.22360425151782692,_in/15_0
0.6991605582479679,_in/15_1
0.9534026524088404,_in/15_1
3.479058243567124,_in/15_2
5.43161009933101,_in/15_2
0.3064489846692595,_in/15_3
0.3272031918168068,_in/15_3
5.693919083510991,_in/15_4
8.890341654245276,_in/15_4
0.39291775534366025,_in/15_5
0.5435529291280545,_in/15_5
0.25373688896070234,_in/15_6
0.12082027963515429,_in/15_6
1.188786314742174,_in/15_7
1.7132188155082986,_in/15_7
1.1311821096314816,_in/15_8
1.6440578832043684,_in/15_8
2.160517663520295,_in/15_9
3.3576454353751615,_in/15_9
0.40341050584902405,_in/15_10
0.4986370645947318,_in/15_10
0.3105729069939116,_in/15_11
0.17430848523508757,_in/15_11
0.49236185334484617,_in/15_12
0.6577109686368203,_in/15_12
0.3171227068050939,_in/15_13
0.12427368323551491,_in/15_13
0.27844478191036615,_in/15_14
0.039658086960116634,_in/15_14
0.6419742666766979,_in/15_15
0.8916006290819496,_in/15_15
0.2654457627368174,_in/15_16
0.2555649495570833,_in/15_16
0.5330662943879361,_in/15_17
0.46062483690911904,_in/15_17
0.34511392541753594,_in/15_18
0.2251788696157746,_in/15_18
2.1362419401993975,_in/15_19
3.1509832374867983,_in/15_19
0.9035035219785641,_in/15_20
1.3182781004725257,_in/15_20
1.805301422078628,_in/15_21
2.750053396099247,_in/15_21
4.654472532507498,_in/15_22
7.264231145265512,_in/15_22
1.2028139302856289,_in/15_23
1.6529727669549175,_in/15_23
0.3820137072179932,_in/15_24
0.18932425384264207,_in/15_24
0.5138490053304849,_in/15_25
0.7959618411769043,_in/15_25
2.846467251656577,_in/15_26
4.372912686347263,_in/15_26
0.29414813356197556,_in/15_27
0.28752241522306576,_in/15_27
1.063126287626801,_in/15_28
1.5015507996431552,_in/15_28
0.3175394295431033,_in/15_29
0.21718237060122192,_in/15_29
1.5941718422691338,_in/15_30
2.271109781926498,_in/15_30
0.6178728247759864,_in/15_31
0.8192526171915233,_in/15_31
0.8851718143559992,_in/15_32
1.2069469167036004,_in/15_32
0.24202157230320154,_in/15_33
0.3078644722736499,_in/15_33
0.39249336819921155,_in/15_34
0.20120157600103994,_in/15_34
3.2666268954635598,_in/15_35
4.821852850645882,_in/15_35
0.30415442486992106,_in/15_36
0.30795440421206877,_in/15_36
0.28487688522727694,_in/15_37
0.3466580974927638,_in/15_37
2.560076543042669,_in/15_38
3.785840753786033,_in/15_38
0.44275354174897075,_in/15_39
0.4802864175871946,_in/15_39
1.315487300350469,_in/15_40
1.8890849454346608,_in/15_40
1.6856798316384811,_in/15_41
2.43001696607098,_in/15_41
0.3924064859529608,_in/15_42
0.19882802598294802,_in/15_42
3.0206088945051306,_in/15_43
4.465047501234949,_in/15_43
1.5078091701952872,_in/15_44
2.2349758975960867,_in/15_44
0.7879086866159923,_in/15_45
1.100570460606832,_in/15_45
0.2640660348115489,_in/15_46
0.2812807609443553,_in/15_46
0.353951421828242,_in/15_47
0.14470496133435518,_in/15_47
0.3159408291830914,_in/15_48
0.24845699854631675,_in/15_48
0.5879539963862044,_in/15_49
0.6024621737451525,_in/15_49
0.4079751350718652,_in/15_50
0.2675310218692175,_in/15_50
0.40498428133287234,_in/15_51
0.4718846705764008,_in/15_51
0.2405299534148071,_in/15_52
0.07502722421304497,_in/15_52
2.7257333462648603,_in/15_53
4.139429002019824,_in/15_53
0.41531667422896135,_in/15_54
0.3166774465353228,_in/15_54
0.7966891205869615,_in/15_55
0.9820204889401793,_in/15_55
2.6354362611364195,_in/15_56
3.5222799229250086,_in/15_56
0.46294602105626836,_in/15_57
0.46774769329931587,_in/15_57
0.290362044936046,_in/15_58
0.11941718647722155,_in/15_58
0.7231655414798297,_in/15_59
0.6842534741736017,_in/15_59
0.21219679522619117,_in/15_60
0.04549548088107258,_in/15_60
0.9344264075743922,_in/15_61
1.131529888145451,_in/15_61
0.44648949275142513,_in/15_62
0.5956162242800929,_in/15_62
1.6315546082996661,_in/15_63
2.4180538311993587,_in/15_63
0.2864744383841753,_in/15_64
0.31456851126858965,_in/15_64
0.4696995288832113,_in/15_65
0.42061956942779943,_in/15_65
0.31750959269265877,_in/15_66
0.19742440117988735,_in/15_66
0.48220350274277735,_in/15_67
0.34672888083696307,_in/15_67
0.4359789879308664,_in/15_68
0.5835708324448206,_in/15_68
1.0438960798210246,_in/15_69
1.1672939165509888,_in/15_69
0.21356283672866994,_in/15_70
0.21507093590844306,_in/15_70
0.25747579376911744,_in/15_71
0.09428551406199404,_in/15_71
0.2735928217298351,_in/15_72
0.35729682264718576,_in/15_72
0.28287428310795804,_in/15_73
0.1253238583485654,_in/15_73
0.9286754859531356,_in/15_74
0.9503686601783556,_in/15_74
5.762995920929825,_in/15_75
8.823690308519872,_in/15_75
0.4448710191354621,_in/15_76
0.42826728909494705,_in/15_76
0.6023791428424374,_in/15_77
0.8851078586594667,_in/15_77
0.3578526178935135,_in/15_78
0.17915985657600686,_in/15_78
8.931827650484593,_in/15_79
13.853377866733354,_in/15_79
1.4379674573110606,_in/15_80
1.9574115237082879,_in/15_80
0.4202355286688544,_in/15_81
0.23786500064306892,_in/15_81
0.4109726640745066,_in/15_82
0.3672321983030997,_in/15_82
1.0249924788367935,_in/15_83
1.245176203607116,_in/15_83
0.2863782029016875,_in/15_84
0.1175198243909108,_in/15_84
0.8212273611652563,_in/15_85
0.966307495989895,_in/15_85
0.32440386862072046,_in/15_86
0.31968031016003806,_in/15_86
5.25381196541457,_in/15_87
7.823228784589446,_in/15_87
0.28919698387744575,_in/15_88
0.2160257914401882,_in/15_88
0.2933408509052242,_in/15_89
0.2185625454694673,_in/15_89
2.1288414800710598,_in/15_90
3.1294814697193942,_in/15_90
1.1653378778082697,_in/15_91
1.724338999703832,_in/15_91
0.2546435346512226,_in/15_92
0.199504164431346,_in/15_92
0.29633236636982474,_in/15_93
0.16978579253191128,_in/15_93
0.45978414971614257,_in/15_94
0.6691944123595022,_in/15_94
1.0175937690291903,_in/15_95
1.677226293093554,_in/15_95
0.5277347209694199,_in/15_96
0.6897135734907351,_in/15_96
0.8647172198980115,_in/15_97
1.3671830221428536,_in/15_97
0.4905424371645495,_in/15_98
0.680494206957519,_in/15_98
0.48522681925805955,_in/15_99
0.44507951110063004,_in/15_99
2.2482709027826786e-09,_in/16_0
1.7316779121756554e-09,_in/16_1
2.1209416445344687e-09,_in/16_2
2.3119355319067836e-09,_in/16_3
2.0863808458670974e-09,_in/16_4
1.9063008949160576e-09,_in/16_5
1.4024408301338553e-09,_in/16_6
1.9335857359692454e-09,_in/16_7
1.0859366739168763e-09,_in/16_8
1.6189005691558123e-09,_in/16_9
2.6302586775273085e-09,_in/16_10
1.5043042367324233e-09,_in/16_11
2.799424692057073e-09,_in/16_12
1.3151293387636542e-09,_in/16_13
1.2987584341317415e-09,_in/16_14
1.7062120605260134e-09,_in/16_15
2.115484676323831e-09,_in/16_16
1.7298589227721095e-09,_in/16_17
1.6007106751203537e-09,_in/16_18
1.622538547962904e-09,_in/16_19
1.8953869584947824e-09,_in/16_20
2.164597390219569e-09,_in/16_21
2.0863808458670974e-09,_in/16_22
2.73939804174006e-09,_in/16_23
2.2719177650287747e-09,_in/16_24
1.775333657860756e-09,_in/16_25
2.0863808458670974e-09,_in/16_26
2.1354935597628355e-09,_in/16_27
1.635271473787725e-09,_in/16_28
2.0227162167429924e-09,_in/16_29
2.548404154367745e-09,_in/16_30
2.0972947822883725e-09,_in/16_31
1.5697878552600741e-09,_in/16_32
2.306478563696146e-09,_in/16_33
2.35741026699543e-09,_in/16_34
1.6952981241047382e-09,_in/16_35
2.737579052336514e-09,_in/16_36
2.5193003239110112e-09,_in/16_37
1.8553691916167736e-09,_in/16_38
1.899024937301874e-09,_in/16_39
1.7516867956146598e-09,_in/16_40
1.5515979612246156e-09,_in/16_41
1.9335857359692454e-09,_in/16_42
2.5047484086826444e-09,_in/16_43
2.1573214326053858e-09,_in/16_44
2.4901964934542775e-09,_in/16_45
1.6007106751203537e-09,_in/16_46
1.5243131201714277e-09,_in/16_47
1.3278622645884752e-09,_in/16_48
1.8044374883174896e-09,_in/16_49
1.8553691916167736e-09,_in/16_50
1.5752448234707117e-09,_in/16_51
1.8953869584947824e-09,_in/16_52
2.1846062736585736e-09,_in/16_53
2.117303665727377e-09,_in/16_54
1.8517312128096819e-09,_in/16_55
2.1518644643947482e-09,_in/16_56
1.7189449863508344e-09,_in/16_57
1.886292011477053e-09,_in/16_58
2.344677341170609e-09,_in/16_59
1.7407728591933846e-09,_in/16_60
1.7535057850182056e-09,_in/16_61
2.0500010577961802e-09,_in/16_62
2.384695108048618e-09,_in/16_63
2.2591848392039537e-09,_in/16_64
1.1605152394622564e-09,_in/16_65
2.115484676323831e-09,_in/16_66
1.8826540326699615e-09,_in/16_67
2.0081643015146255e-09,_in/16_68
1.4551915228366852e-09,_in/16_69
1.4224497135728598e-09,_in/16_70
1.964508555829525e-09,_in/16_71
1.6661942936480045e-09,_in/16_72
2.004526322707534e-09,_in/16_73
1.1932570487260818e-09,_in/16_74
1.546140993013978e-09,_in/16_75
2.017259248532355e-09,_in/16_76
2.0736479200422764e-09,_in/16_77
2.053639036603272e-09,_in/16_78
2.4538167053833604e-09,_in/16_79
1.671651261858642e-09,_in/16_80
1.6007106751203537e-09,_in/16_81
2.561137080192566e-09,_in/16_82
1.8062564777210355e-09,_in/16_83
1.8808350432664156e-09,_in/16_84
1.6189005691558123e-09,_in/16_85
1.7171259969472885e-09,_in/16_86
1.838998286984861e-09,_in/16_87
1.9590515876188874e-09,_in/16_88
1.95359461940825e-09,_in/16_89
1.546140993013978e-09,_in/16_90
2.0481820683926344e-09,_in/16_91
1.6298145055770874e-09,_in/16_92
1.7462298274040222e-09,_in/16_93
1.824446371756494e-09,_in/16_94
1.291482476517558e-09,_in/16_95
1.5352270565927029e-09,_in/16_96
1.4260876923799515e-09,_in/16_97
1.889929990284145e-09,_in/16_98
2.4137989385053515e-09,_in/16_99
1.076841726899147e-09,_in/17_0
1.737134880386293e-09,_in/17_1
1.8467289919499308e-09,_in/17_2
2.668912202352658e-09,_in/17_3
2.9340299079194665e-09,_in/17_4
3.5838638723362237e-09,_in/17_5
2.166416379623115e-09,_in/17_6
1.4670149539597332e-09,_in/17_7
1.8530954548623413e-09,_in/17_8
2.4137989385053515e-09,_in/17_9
1.9422259356360883e-09,_in/17_10
2.0013430912513286e-09,_in/17_11
2.9622242436744273e-09,_in/17_12
1.8289938452653587e-09,_in/17_13
1.261014404008165e-09,_in/17_14
2.4315340851899236e-09,_in/17_15
2.0827428670600057e-09,_in/17_16
1.6752892406657338e-09,_in/17_17
2.092747308779508e-09,_in/17_18
1.8612809071782976e-09,_in/17_19
1.203261490445584e-09,_in/17_20
2.8398972062859684e-09,_in/17_21
1.4820216165389866e-09,_in/17_22
1.355147105641663e-09,_in/17_23
2.272372512379661e-09,_in/17_24
2.2041604097466916e-09,_in/17_25
2.60433807852678e-09,_in/17_26
2.143679012078792e-09,_in/17_27
2.2530457499669865e-09,_in/17_28
1.9590515876188874e-09,_in/17_29
3.0968294595368207e-09,_in/17_30
2.5761437427718192e-09,_in/17_31
1.4447323337662965e-09,_in/17_32
1.539319782750681e-09,_in/17_33
1.6939338820520788e-09,_in/17_34
1.1500560503918678e-09,_in/17_35
2.288743417011574e-09,_in/17_36
1.9363142200745642e-09,_in/17_37
1.4576926332665607e-09,_in/17_38
1.4347278920467943e-09,_in/17_39
2.6097950467374176e-09,_in/17_40
1.8712853488978e-09,_in/17_41
2.0108927856199443e-09,_in/17_42
2.1450432541314512e-09,_in/17_43
2.326032699784264e-09,_in/17_44
1.966327545233071e-09,_in/17_45
1.7703314370010048e-09,_in/17_46
1.1946212907787412e-09,_in/17_47
1.4251781976781785e-09,_in/17_48
1.3810677046421915e-09,_in/17_49
1.5802470443304628e-09,_in/17_50
1.9740582501981407e-09,_in/17_51
1.621629053261131e-09,_in/17_52
2.3069333110470325e-09,_in/17_53
2.2100721253082156e-09,_in/17_54
2.203705662395805e-09,_in/17_55
2.356500772293657e-09,_in/17_56
2.2205313143786043e-09,_in/17_57
1.5625118976458907e-09,_in/17_58
1.4179022400639951e-09,_in/17_59
1.5033947420306504e-09,_in/17_60
1.2973941920790821e-09,_in/17_61
1.7762431525625288e-09,_in/17_62
3.1004674383439124e-09,_in/17_63
2.2509993868879974e-09,_in/17_64
1.9856543076457456e-09,_in/17_65
2.330125425942242e-09,_in/17_66
2.2400854504667222e-09,_in/17_67
1.9513208826538175e-09,_in/17_68
3.087279765168205e-09,_in/17_69
2.311480784555897e-09,_in/17_70
1.3592398317996413e-09,_in/17_71
1.7689671949483454e-09,_in/17_72
2.539763954700902e-09,_in/17_73
1.3546923582907766e-09,_in/17_74
1.6775629774201661e-09,_in/17_75
1.6239027900155634e-09,_in/17_76
1.2828422768507153e-09,_in/17_77
2.2541826183442026e-09,_in/17_78
1.4592842489946634e-09,_in/17_79
2.4970177037175745e-09,_in/17_80
1.317857822868973e-09,_in/17_81
2.301703716511838e-09,_in/17_82
1.8981154426001012e-09,_in/17_83
2.1200321498326957e-09,_in/17_84
2.625711204018444e-09,_in/17_85
2.412434696452692e-09,_in/17_86
2.7548594516701996e-09,_in/17_87
1.2369127944111824e-09,_in/17_88
1.4124452718533576e-09,_in/17_89
1.9931576389353722e-09,_in/17_90
1.8583250493975356e-09,_in/17_91
2.1318555809557438e-09,_in/17_92
2.079104888252914e-09,_in/17_93
1.183707354357466e-09,_in/17_94
1.5675141185056418e-09,_in/17_95
1.901753421407193e-09,_in/17_96
2.281922206748277e-09,_in/17_97
1.7280399333685637e-09,_in/17_98
2.310571289854124e-09,_in/17_99
